Event_Id,Name,Date,Location
38898b480f5798c3,UFC Fight Night: Allen vs. Costa,2026-05-16,"Las Vegas, Nevada, USA"
8883ea0e634f84bd,UFC 328: Chimaev vs. Strickland,2026-05-09,"Newark, New Jersey, USA"
fd41896688c29db8,UFC Fight Night: Della Maddalena vs. Prates,2026-05-02,"Perth, Western Australia, Australia"
87cf28f4f3396abe,UFC Fight Night: Sterling vs. Zalal,2026-04-25,"Las Vegas, Nevada, USA"
fd0f7ea686918e9c,UFC Fight Night: Burns vs. Malott,2026-04-18,"Winnipeg, Manitoba, Canada"
7a514440af2cc13d,UFC 327: Prochazka vs. Ulberg,2026-04-11,"Miami, Florida, USA"
9c5b749c8e710a56,UFC Fight Night: Moicano vs. Duncan,2026-04-04,"Las Vegas, Nevada, USA"
a73a6c458e56c072,UFC Fight Night: Adesanya vs. Pyfer,2026-03-28,"Seattle, Washington, USA"
5b34a93b1f069427,UFC Fight Night: Evloev vs. Murphy,2026-03-21,"London, England, United Kingdom"
afc32c33e180691a,UFC Fight Night: Emmett vs. Vallejos,2026-03-14,"Las Vegas, Nevada, USA"
4588264ddde4f4cb,UFC 326: Holloway vs. Oliveira 2,2026-03-07,"Las Vegas, Nevada, USA"
2d451758ac006b80,UFC Fight Night: Moreno vs. Kavanagh,2026-02-28,"Mexico City, Distrito Federal, Mexico"
6bc85156e5e93c3c,UFC Fight Night: Strickland vs. Hernandez,2026-02-21,"Houston, Texas, USA"
e069a9fcdd1fa169,UFC Fight Night: Bautista vs. Oliveira,2026-02-07,"Las Vegas, Nevada, USA"
dbc1404a8285dbd6,UFC 325: Volkanovski vs. Lopes 2,2026-01-31,"Sydney, New South Wales, Australia"
af1731a7cf9f5bbf,UFC 324: Gaethje vs. Pimblett,2026-01-24,"Las Vegas, Nevada, USA"
786b238a589afeac,UFC Fight Night: Royval vs. Kape,2025-12-13,"Las Vegas, Nevada, USA"
f540fcdbbc9c7b43,UFC 323: Dvalishvili vs. Yan 2,2025-12-06,"Las Vegas, Nevada, USA"
1a558d4ff98c497a,UFC Fight Night: Tsarukyan vs. Hooker,2025-11-22,"Doha, Qatar"
a6f903e0b01e751c,UFC 322: Della Maddalena vs. Makhachev,2025-11-15,"New York City, New York, USA"
e72fd43c670e92ba,UFC Fight Night: Bonfim vs. Brown,2025-11-08,"Las Vegas, Nevada, USA"
773755420c064ce8,UFC Fight Night: Garcia vs. Onama,2025-11-01,"Las Vegas, Nevada, USA"
0fd1c896a3437bfc,UFC 321: Aspinall vs. Gane,2025-10-25,"Abu Dhabi, Abu Dhabi, United Arab Emirates"
ae02138dbe4512f7,UFC Fight Night: De Ridder vs. Allen,2025-10-18,"Vancouver, British Columbia, Canada"
08d3820d3fd4ef20,UFC Fight Night: Oliveira vs. Gamrot,2025-10-11,"Rio de Janeiro, Rio de Janeiro, Brazil"
20c94cc2197669b8,UFC 320: Ankalaev vs. Pereira 2,2025-10-04,"Las Vegas, Nevada, USA"
10e5981b34b99c0b,UFC Fight Night: Ulberg vs. Reyes,2025-09-27,"Perth, Western Australia, Australia"
553645345e1a7a1e,UFC Fight Night: Lopes vs. Silva,2025-09-13,"San Antonio, Texas, USA"
aa5d4179c00d332d,UFC Fight Night: Imavov vs. Borralho,2025-09-06,"Paris, Ile-de-France, France"
7288ad0d803555f1,UFC Fight Night: Walker vs. Zhang,2025-08-23,"Shanghai, Hebei, China"
fa4f3aa6e44c54f8,UFC - Road to UFC 4.6,2025-08-22,"Shanghai, Hebei, China"
5a8e39bf171b8cff,UFC 319: Du Plessis vs. Chimaev,2025-08-16,"Chicago, Illinois, USA"
2c0437ce6040f9d0,UFC Fight Night: Dolidze vs. Hernandez,2025-08-09,"Las Vegas, Nevada, USA"
db457280c72ef3a8,UFC Fight Night: Taira vs. Park,2025-08-02,"Las Vegas, Nevada, USA"
d62f5c5fa2b65ece,UFC Fight Night: Whittaker vs. De Ridder,2025-07-26,"Abu Dhabi, Abu Dhabi, United Arab Emirates"
d26804819848087b,UFC 318: Holloway vs. Poirier 3,2025-07-19,"New Orleans, Louisiana, USA"
cf2fa9b93e39b2b0,UFC Fight Night: Lewis vs. Teixeira,2025-07-12,"Nashville, Tennessee, USA"
cf59b779e9d20d48,UFC 317: Topuria vs. Oliveira,2025-06-28,"Las Vegas, Nevada, USA"
0b77c3d55b01ea71,UFC Fight Night: Hill vs. Rountree Jr.,2025-06-21,"Baku, Azerbaijan"
dd9628681c70baee,UFC Fight Night: Usman vs. Buckley,2025-06-14,"Atlanta, Georgia, USA"
e9fdbbb9e09ba518,UFC 316: Dvalishvili vs. O'Malley 2,2025-06-07,"Newark, New Jersey, USA"
a7542ac76493fad6,UFC Fight Night: Blanchfield vs. Barber,2025-05-31,"Las Vegas, Nevada, USA"
ff7b154abf86cf3d,UFC Fight Night: Burns vs. Morales,2025-05-17,"Las Vegas, Nevada, USA"
9269c0e21e752b9d,UFC 315: Muhammad vs. Della Maddalena,2025-05-10,"Montreal, Quebec, Canada"
4e3f1e2d33aeab3b,UFC Fight Night: Sandhagen vs. Figueiredo,2025-05-03,"Des Moines, Iowa, USA"
e0a1edc8acde04bd,UFC Fight Night: Machado Garry vs. Prates,2025-04-26,"Kansas City, Missouri, USA"
f20ff90676c7eea7,UFC 314: Volkanovski vs. Lopes,2025-04-12,"Miami, Florida, USA"
77b4da9ac2b5145e,UFC Fight Night: Emmett vs. Murphy,2025-04-05,"Las Vegas, Nevada, USA"
10bca8eebd2cae79,UFC Fight Night: Moreno vs. Erceg,2025-03-29,"Mexico City, Distrito Federal, Mexico"
e3c90e54e11adf5f,UFC Fight Night: Edwards vs. Brady,2025-03-22,"London, England, United Kingdom"
ecfed65661641766,UFC Fight Night: Vettori vs. Dolidze 2,2025-03-15,"Las Vegas, Nevada, USA"
18ff40f1ec83feca,UFC 313: Pereira vs. Ankalaev,2025-03-08,"Las Vegas, Nevada, USA"
b3cc449a9c2e0efb,UFC Fight Night: Kape vs. Almabayev,2025-03-01,"Las Vegas, Nevada, USA"
4dec5bcfad13ee9d,UFC Fight Night: Cejudo vs. Song,2025-02-22,"Seattle, Washington, USA"
d996b8dd6ecbcb14,UFC Fight Night: Cannonier vs. Rodrigues,2025-02-15,"Las Vegas, Nevada, USA"
c52d81e00007586f,UFC 312: Du Plessis vs. Strickland 2,2025-02-08,"Sydney, New South Wales, Australia"
edd7a4b2326646d7,UFC Fight Night: Adesanya vs. Imavov,2025-02-01,"Riyadh, Riyadh, Saudi Arabia"
6add7867fc3b92f7,UFC 311: Makhachev vs. Moicano,2025-01-18,"Inglewood, California, USA"
ad7283f677d0e6b3,UFC Fight Night: Dern vs. Ribas 2,2025-01-11,"Las Vegas, Nevada, USA"
dea45467f484793b,UFC Fight Night: Covington vs. Buckley,2024-12-14,"Tampa, Florida, USA"
85012cfbff0848cf,UFC 310: Pantoja vs. Asakura,2024-12-07,"Las Vegas, Nevada, USA"
27bef39fcff5a391,UFC Fight Night: Yan vs. Figueiredo,2024-11-23,"Macau, China"
788a3d1ac7462ef1,UFC 309: Jones vs. Miocic,2024-11-16,"New York City, New York, USA"
26061be22de002c7,UFC Fight Night: Magny vs. Prates,2024-11-09,"Las Vegas, Nevada, USA"
4ddef0c88a056c51,UFC Fight Night: Moreno vs. Albazi,2024-11-02,"Edmonton, Alberta, Canada"
f50d798f4a304c49,UFC 308: Topuria vs. Holloway,2024-10-26,"Abu Dhabi, Abu Dhabi, United Arab Emirates"
ad0548dea6d16539,UFC Fight Night: Hernandez vs. Pereira,2024-10-19,"Las Vegas, Nevada, USA"
51cd6cb32d3e6558,UFC Fight Night: Royval vs. Taira,2024-10-12,"Las Vegas, Nevada, USA"
7fabc00de89d63bf,UFC 307: Pereira vs. Rountree Jr.,2024-10-05,"Salt Lake City, Utah, USA"
225c903c238ae765,UFC Fight Night: Moicano vs. Saint Denis,2024-09-28,"Paris, Ile-de-France, France"
4805ff1164a58a73,UFC 306: Riyadh Season Noche UFC,2024-09-14,"Las Vegas, Nevada, USA"
0d115ef91fbd8f1e,UFC Fight Night: Burns vs. Brady,2024-09-07,"Las Vegas, Nevada, USA"
d1ad892a5c0f4c9a,UFC Fight Night: Cannonier vs. Borralho,2024-08-24,"Las Vegas, Nevada, USA"
6e81a6958e41958f,UFC 305: Du Plessis vs. Adesanya,2024-08-17,"Perth, Western Australia, Australia"
6b3fe1aa0387f9a6,UFC Fight Night: Tybura vs. Spivac 2,2024-08-10,"Las Vegas, Nevada, USA"
74bcfd48305ed6e2,UFC Fight Night: Sandhagen vs. Nurmagomedov,2024-08-03,"Abu Dhabi, Abu Dhabi, United Arab Emirates"
67d6afb187acec98,UFC 304: Edwards vs. Muhammad 2,2024-07-27,"Manchester, England, United Kingdom"
eda5ff9b1f66ecea,UFC Fight Night: Lemos vs. Jandiroba,2024-07-20,"Las Vegas, Nevada, USA"
60e42281fb489438,UFC Fight Night: Namajunas vs. Cortez,2024-07-13,"Denver, Colorado, USA"
2f07fd964a590787,UFC 303: Pereira vs. Prochazka 2,2024-06-29,"Las Vegas, Nevada, USA"
1f13c398d26df5a1,UFC Fight Night: Whittaker vs. Aliskerov,2024-06-22,"Riyadh, Riyadh, Saudi Arabia"
74c3fa7af348c8a4,UFC Fight Night: Perez vs. Taira,2024-06-15,"Las Vegas, Nevada, USA"
52c8c705f85eb51d,UFC Fight Night: Cannonier vs. Imavov,2024-06-08,"Louisville, Kentucky, USA"
cf053f3b996b91e8,UFC 302: Makhachev vs. Poirier,2024-06-01,"Newark, New Jersey, USA"
3fd8cd8206b38d18,UFC Fight Night: Barboza vs. Murphy,2024-05-18,"Las Vegas, Nevada, USA"
6774caea0ec7e084,UFC Fight Night: Lewis vs. Nascimento,2024-05-11,"St. Louis, Missouri, USA"
048006cf07bc3257,UFC 301: Pantoja vs. Erceg,2024-05-04,"Rio de Janeiro, Rio de Janeiro, Brazil"
69e901243ba66a5d,UFC Fight Night: Nicolau vs. Perez,2024-04-27,"Las Vegas, Nevada, USA"
dffc54f4e80d1a3c,UFC 300: Pereira vs. Hill,2024-04-13,"Las Vegas, Nevada, USA"
28cc525bd71d84bd,UFC Fight Night: Allen vs. Curtis 2,2024-04-06,"Las Vegas, Nevada, USA"
faddf14c539119e4,UFC Fight Night: Blanchfield vs. Fiorot,2024-03-30,"Atlantic City, New Jersey, USA"
a0aad1228a4bbd9d,UFC Fight Night: Ribas vs. Namajunas,2024-03-23,"Las Vegas, Nevada, USA"
1323c43664c1d32a,UFC Fight Night: Tuivasa vs. Tybura,2024-03-16,"Las Vegas, Nevada, USA"
1b13d8125a6e8c54,UFC 299: O'Malley vs. Vera 2,2024-03-09,"Miami, Florida, USA"
1879888637d6226d,UFC Fight Night: Rozenstruik vs. Gaziev,2024-03-02,"Las Vegas, Nevada, USA"
f775b40ad967d478,UFC Fight Night: Moreno vs. Royval 2,2024-02-24,"Mexico City, Distrito Federal, Mexico"
2870bb282c40f324,UFC 298: Volkanovski vs. Topuria,2024-02-17,"Anaheim, California, USA"
663f60e10aef307c,UFC Fight Night: Hermansson vs. Pyfer,2024-02-10,"Las Vegas, Nevada, USA"
c3b2095f7d2415b4,UFC Fight Night: Dolidze vs. Imavov,2024-02-03,"Las Vegas, Nevada, USA"
8cce8fdcab9aee45,UFC 297: Strickland vs. Du Plessis,2024-01-20,"Toronto, Ontario, Canada"
079ba7a119aa8ee2,UFC Fight Night: Ankalaev vs. Walker 2,2024-01-13,"Las Vegas, Nevada, USA"
07f45c1b09e67ced,UFC 296: Edwards vs. Covington,2023-12-16,"Las Vegas, Nevada, USA"
91dde11d6ae0f967,UFC Fight Night: Song vs. Gutierrez,2023-12-09,"Las Vegas, Nevada, USA"
c8c63a68689acccc,UFC Fight Night: Dariush vs. Tsarukyan,2023-12-02,"Austin, Texas, USA"
a560b7e3f55505b3,UFC Fight Night: Allen vs. Craig,2023-11-18,"Las Vegas, Nevada, USA"
4f9055714f1fc1be,UFC 295: Prochazka vs. Pereira,2023-11-11,"New York City, New York, USA"
f91eb0c06fd5ba8d,UFC Fight Night: Almeida vs. Lewis,2023-11-04,"Sao Paulo, Sao Paulo, Brazil"
28139a0287bd6ba3,UFC 294: Makhachev vs. Volkanovski 2,2023-10-21,"Abu Dhabi, Abu Dhabi, United Arab Emirates"
ffa027441ce135e8,UFC Fight Night: Yusuff vs. Barboza,2023-10-14,"Las Vegas, Nevada, USA"
bb744f4e19ed7004,UFC Fight Night: Dawson vs. Green,2023-10-07,"Las Vegas, Nevada, USA"
969f588f7772d423,UFC Fight Night: Fiziev vs. Gamrot,2023-09-23,"Las Vegas, Nevada, USA"
9965809adc2f0c90,UFC Fight Night: Grasso vs. Shevchenko 2,2023-09-16,"Las Vegas, Nevada, USA"
145777f64f942a7c,UFC 293: Adesanya vs. Strickland,2023-09-09,"Sydney, New South Wales, Australia"
3b662fa76b01e4e3,UFC Fight Night: Gane vs. Spivac,2023-09-02,"Paris, Ile-de-France, France"
129e465deaa23d4e,UFC Fight Night: Holloway vs. The Korean Zombie,2023-08-26,"Kallang, Singapore"
19feec50a59daafa,UFC 292: Sterling vs. O'Malley,2023-08-19,"Boston, Massachusetts, USA"
cea3164425fa1a5b,UFC Fight Night: Luque vs. Dos Anjos,2023-08-12,"Las Vegas, Nevada, USA"
5949158a35ecb5aa,UFC Fight Night: Sandhagen vs. Font,2023-08-05,"Nashville, Tennessee, USA"
1815271030a35fdf,UFC 291: Poirier vs. Gaethje 2,2023-07-29,"Salt Lake City, Utah, USA"
e9c7a28cb0754937,UFC Fight Night: Aspinall vs. Tybura,2023-07-22,"London, England, United Kingdom"
bbcbcdc575ef30ac,UFC Fight Night: Holm vs. Bueno Silva,2023-07-15,"Las Vegas, Nevada, USA"
2a6503a5946367b8,UFC 290: Volkanovski vs. Rodriguez,2023-07-08,"Las Vegas, Nevada, USA"
aaca90e0aaa9f857,UFC Fight Night: Strickland vs. Magomedov,2023-07-01,"Las Vegas, Nevada, USA"
87a77cee873b6c35,UFC Fight Night: Emmett vs. Topuria,2023-06-24,"Jacksonville, Florida, USA"
87bc22637c19868f,UFC Fight Night: Vettori vs. Cannonier,2023-06-17,"Las Vegas, Nevada, USA"
c8425ddc8cc370a3,UFC 289: Nunes vs. Aldana,2023-06-10,"Vancouver, British Columbia, Canada"
4a8abb6ff73e8d90,UFC Fight Night: Kara-France vs. Albazi,2023-06-03,"Las Vegas, Nevada, USA"
dc39aaed8401ce66,UFC Fight Night: Dern vs. Hill,2023-05-20,"Las Vegas, Nevada, USA"
925c72815576ecb3,UFC Fight Night: Rozenstruik vs. Almeida,2023-05-13,"Charlotte, North Carolina, USA"
c0c503d194d26912,UFC 288: Sterling vs. Cejudo,2023-05-06,"Newark, New Jersey, USA"
fb43d3601ae83129,UFC Fight Night: Song vs. Simon,2023-04-29,"Las Vegas, Nevada, USA"
cd94ce149d99cb60,UFC Fight Night: Pavlovich vs. Blaydes,2023-04-22,"Las Vegas, Nevada, USA"
eca043d01a38e926,UFC Fight Night: Holloway vs. Allen,2023-04-15,"Kansas City, Missouri, USA"
6d03f82253c41f43,UFC 287: Pereira vs. Adesanya 2,2023-04-08,"Miami, Florida, USA"
0521a3ca9aa551cb,UFC Fight Night: Vera vs. Sandhagen,2023-03-25,"San Antonio, Texas, USA"
a98789b101b4e96a,UFC 286: Edwards vs. Usman 3,2023-03-18,"London, England, United Kingdom"
2a2b7a2e9f61050e,UFC Fight Night: Yan vs. Dvalishvili,2023-03-11,"Las Vegas, Nevada, USA"
543d8bf65dd80d3c,UFC 285: Jones vs. Gane,2023-03-04,"Las Vegas, Nevada, USA"
3f49e46266bdf5dc,UFC Fight Night: Muniz vs. Allen,2023-02-25,"Las Vegas, Nevada, USA"
f1564b81a053fb3f,UFC Fight Night: Andrade vs. Blanchfield,2023-02-18,"Las Vegas, Nevada, USA"
cf06e74dc5568ddf,UFC 284: Makhachev vs. Volkanovski,2023-02-11,"Perth, Western Australia, Australia"
42222c28a40898c0,UFC Fight Night: Lewis vs. Spivac,2023-02-04,"Las Vegas, Nevada, USA"
1188e9625cddeeec,UFC 283: Teixeira vs. Hill,2023-01-21,"Rio de Janeiro, Rio de Janeiro, Brazil"
6173b27297088e75,UFC Fight Night: Strickland vs. Imavov,2023-01-14,"Las Vegas, Nevada, USA"
3aeef4c2fcdac514,UFC Fight Night: Cannonier vs. Strickland,2022-12-17,"Las Vegas, Nevada, USA"
5f58bf41f0c2cef5,UFC 282: Blachowicz vs. Ankalaev,2022-12-10,"Las Vegas, Nevada, USA"
56cd8f941522ea01,UFC Fight Night: Thompson vs. Holland,2022-12-03,"Orlando, Florida, USA"
1e2d5dee58e497e3,UFC Fight Night: Nzechukwu vs. Cutelaba,2022-11-19,"Las Vegas, Nevada, USA"
023eed71c42691ae,UFC 281: Adesanya vs. Pereira,2022-11-12,"New York City, New York, USA"
e67bc62c4bd39787,UFC Fight Night: Rodriguez vs. Lemos,2022-11-05,"Las Vegas, Nevada, USA"
360b5d3bb0d92257,UFC Fight Night: Kattar vs. Allen,2022-10-29,"Las Vegas, Nevada, USA"
ecfaf43d687216b3,UFC 280: Oliveira vs. Makhachev,2022-10-22,"Abu Dhabi, Abu Dhabi, United Arab Emirates"
f27f8d5c23538fce,UFC Fight Night: Grasso vs. Araujo,2022-10-15,"Las Vegas, Nevada, USA"
f35b8e44a99b8cad,UFC Fight Night: Dern vs. Yan,2022-10-01,"Las Vegas, Nevada, USA"
4f0dcbcb497030f0,UFC Fight Night: Sandhagen vs. Song,2022-09-17,"Las Vegas, Nevada, USA"
f74b43f5b04d5d09,UFC 279: Diaz vs. Ferguson,2022-09-10,"Las Vegas, Nevada, USA"
72be0eae93dbe2e8,UFC Fight Night: Gane vs. Tuivasa,2022-09-03,"Paris, Ile-de-France, France"
7b7879ab0a65cca9,UFC 278: Usman vs. Edwards,2022-08-20,"Salt Lake City, Utah, USA"
82b5c61fc805117a,UFC Fight Night: Vera vs. Cruz,2022-08-13,"San Diego, California, USA"
43aab536dd6fba06,UFC Fight Night: Santos vs. Hill,2022-08-06,"Las Vegas, Nevada, USA"
e46c6a7b9e98024e,UFC 277: Pena vs. Nunes 2,2022-07-30,"Dallas, Texas, USA"
61cf941ae65c5a8e,UFC Fight Night: Blaydes vs. Aspinall,2022-07-23,"London, England, United Kingdom"
26e0f187b2c0923e,UFC Fight Night: Ortega vs. Rodriguez,2022-07-16,"Elmont, New York, USA"
af21cf0f452c1bf1,UFC Fight Night: Dos Anjos vs. Fiziev,2022-07-09,"Las Vegas, Nevada, USA"
c2de2117791cad96,UFC 276: Adesanya vs. Cannonier,2022-07-02,"Las Vegas, Nevada, USA"
931e0e4264469868,UFC Fight Night: Tsarukyan vs. Gamrot,2022-06-25,"Las Vegas, Nevada, USA"
16cbdafecffe8676,UFC Fight Night: Kattar vs. Emmett,2022-06-18,"Austin, Texas, USA"
761ea3cd89118aae,UFC 275: Teixeira vs. Prochazka,2022-06-11,"Kallang, Singapore"
bf9d021138fe01a8,UFC Fight Night: Volkov vs. Rozenstruik,2022-06-04,"Las Vegas, Nevada, USA"
152bb39469d4735f,UFC Fight Night: Holm vs. Vieira,2022-05-21,"Las Vegas, Nevada, USA"
2c8fd1c4acf8d5b1,UFC Fight Night: Blachowicz vs. Rakic,2022-05-14,"Las Vegas, Nevada, USA"
218c02562535dc0d,UFC 274: Oliveira vs. Gaethje,2022-05-07,"Phoenix, Arizona, USA"
f058788d076400cb,UFC Fight Night: Font vs. Vera,2022-04-30,"Las Vegas, Nevada, USA"
59e4e47127a234a1,UFC Fight Night: Lemos vs. Andrade,2022-04-23,"Las Vegas, Nevada, USA"
99fb782b9b660bb9,UFC Fight Night: Luque vs. Muhammad,2022-04-16,"Las Vegas, Nevada, USA"
db0e47278d917261,UFC 273: Volkanovski vs. The Korean Zombie,2022-04-09,"Jacksonville, Florida, USA"
e39837b7539d0b87,UFC Fight Night: Blaydes vs. Daukaus,2022-03-26,"Columbus, Ohio, USA"
ec89681b3f7d2804,UFC Fight Night: Volkov vs. Aspinall,2022-03-19,"London, England, United Kingdom"
f8cac146e6fcc9d8,UFC Fight Night: Santos vs. Ankalaev,2022-03-12,"Las Vegas, Nevada, USA"
61ef3686b0c6493a,UFC 272: Covington vs. Masvidal,2022-03-05,"Las Vegas, Nevada, USA"
4c71aa474dc35883,UFC Fight Night: Makhachev vs. Green,2022-02-26,"Las Vegas, Nevada, USA"
cea151ca4985d1ff,UFC Fight Night: Walker vs. Hill,2022-02-19,"Las Vegas, Nevada, USA"
cde48fb01df9f728,UFC 271: Adesanya vs. Whittaker 2,2022-02-12,"Houston, Texas, USA"
fd3a7d76761ef5ea,UFC Fight Night: Hermansson vs. Strickland,2022-02-05,"Las Vegas, Nevada, USA"
000dd394f55974a3,UFC 270: Ngannou vs. Gane,2022-01-22,"Anaheim, California, USA"
f333b48093a606e7,UFC Fight Night: Kattar vs. Chikadze,2022-01-15,"Las Vegas, Nevada, USA"
cca7bb18a784fb59,UFC Fight Night: Lewis vs. Daukaus,2021-12-18,"Las Vegas, Nevada, USA"
394ed5bc5b0843aa,UFC 269: Oliveira vs. Poirier,2021-12-11,"Las Vegas, Nevada, USA"
fb9a41eb14720a60,UFC Fight Night: Font vs. Aldo,2021-12-04,"Las Vegas, Nevada, USA"
022a7805b4b3be00,UFC Fight Night: Vieira vs. Tate,2021-11-20,"Las Vegas, Nevada, USA"
310bddc7eb16e1b5,UFC Fight Night: Holloway vs. Rodriguez,2021-11-13,"Las Vegas, Nevada, USA"
8ecde3b7326151b3,UFC 268: Usman vs. Covington 2,2021-11-06,"New York City, New York, USA"
a17a2db994ce02b0,UFC 267: Blachowicz vs. Teixeira,2021-10-30,"Abu Dhabi, Abu Dhabi, United Arab Emirates"
f672870659218814,UFC Fight Night: Costa vs. Vettori,2021-10-23,"Las Vegas, Nevada, USA"
126142148f935605,UFC Fight Night: Ladd vs. Dumont,2021-10-16,"Las Vegas, Nevada, USA"
7b8507ae1f962917,UFC Fight Night: Dern vs. Rodriguez,2021-10-09,"Las Vegas, Nevada, USA"
5a7556af652a3d6e,UFC Fight Night: Santos vs. Walker,2021-10-02,"Las Vegas, Nevada, USA"
d915dedf1c13014d,UFC 266: Volkanovski vs. Ortega,2021-09-25,"Las Vegas, Nevada, USA"
d9f4f8aaa8056994,UFC Fight Night: Smith vs. Spann,2021-09-18,"Las Vegas, Nevada, USA"
595ab30565c49a10,UFC Fight Night: Brunson vs. Till,2021-09-04,"Las Vegas, Nevada, USA"
218592a0a751c244,UFC Fight Night: Barboza vs. Chikadze,2021-08-28,"Las Vegas, Nevada, USA"
f008299f2ad99cd3,UFC Fight Night: Cannonier vs. Gastelum,2021-08-21,"Las Vegas, Nevada, USA"
a212210063847cd4,UFC 265: Lewis vs. Gane,2021-08-07,"Houston, Texas, USA"
e99c792d62ffb4b1,UFC Fight Night: Hall vs. Strickland,2021-07-31,"Las Vegas, Nevada, USA"
070df990ce3c4f6b,UFC Fight Night: Sandhagen vs. Dillashaw,2021-07-24,"Las Vegas, Nevada, USA"
151f265c179250cc,UFC Fight Night: Makhachev vs. Moises,2021-07-17,"Las Vegas, Nevada, USA"
4635031556111ccf,UFC 264: Poirier vs. McGregor 3,2021-07-10,"Las Vegas, Nevada, USA"
f01672ec641e19e8,UFC Fight Night: Gane vs. Volkov,2021-06-26,"Las Vegas, Nevada, USA"
eb5f83467fdacd1f,UFC Fight Night: Jung vs. Ige,2021-06-19,"Las Vegas, Nevada, USA"
fbe6beb50e13679f,UFC 263: Adesanya vs. Vettori 2,2021-06-12,"Glendale, Arizona, USA"
a0e0c99aec505f56,UFC Fight Night: Rozenstruik vs. Sakai,2021-06-05,"Las Vegas, Nevada, USA"
a9b3f1cb517e0fd7,UFC Fight Night: Font vs. Garbrandt,2021-05-22,"Las Vegas, Nevada, USA"
b21be8b390ab530d,UFC 262: Oliveira vs. Chandler,2021-05-15,"Houston, Texas, USA"
e3b931bbcd4893be,UFC Fight Night: Rodriguez vs. Waterson,2021-05-08,"Las Vegas, Nevada, USA"
b57dd684a8aa1ff4,UFC Fight Night: Reyes vs. Prochazka,2021-05-01,"Las Vegas, Nevada, USA"
e659bab65dfd1c8f,UFC 261: Usman vs. Masvidal 2,2021-04-24,"Jacksonville, Florida, USA"
ca6fd09bf0c0474e,UFC Fight Night: Whittaker vs. Gastelum,2021-04-17,"Las Vegas, Nevada, USA"
72b6b40a373818e1,UFC Fight Night: Vettori vs. Holland,2021-04-10,"Las Vegas, Nevada, USA"
b208b53804bfeeb8,UFC 260: Miocic vs. Ngannou,2021-03-27,"Las Vegas, Nevada, USA"
5136883bb5f448bd,UFC Fight Night: Brunson vs. Holland,2021-03-20,"Las Vegas, Nevada, USA"
e8753d6d6e5d15e3,UFC Fight Night: Edwards vs. Muhammad,2021-03-13,"Las Vegas, Nevada, USA"
1b062b5de63ec53c,UFC 259: Blachowicz vs. Adesanya,2021-03-06,"Las Vegas, Nevada, USA"
248522f40b3c5b46,UFC Fight Night: Rozenstruik vs. Gane,2021-02-27,"Las Vegas, Nevada, USA"
5d39f4eb6c448ea2,UFC Fight Night: Blaydes vs. Lewis,2021-02-20,"Las Vegas, Nevada, USA"
be0eb24bb9949193,UFC 258: Usman vs. Burns,2021-02-13,"Las Vegas, Nevada, USA"
9ea18c6a9da06bbc,UFC Fight Night: Overeem vs. Volkov,2021-02-06,"Las Vegas, Nevada, USA"
2ff2b5eb62b9dcdb,UFC 257: Poirier vs. McGregor,2021-01-23,"Abu Dhabi, Abu Dhabi, United Arab Emirates"
ec22488d6ab83b3e,UFC Fight Night: Chiesa vs. Magny,2021-01-20,"Abu Dhabi, Abu Dhabi, United Arab Emirates"
6bd84644d0f0baf3,UFC Fight Night: Holloway vs. Kattar,2021-01-16,"Abu Dhabi, Abu Dhabi, United Arab Emirates"
114a0bb1eca6ba26,UFC Fight Night: Thompson vs. Neal,2020-12-19,"Las Vegas, Nevada, USA"
576cd0fa17879e72,UFC 256: Figueiredo vs. Moreno,2020-12-12,"Las Vegas, Nevada, USA"
a82cba8392e74aba,UFC Fight Night: Hermansson vs. Vettori,2020-12-05,"Las Vegas, Nevada, USA"
bf99ec718cbcbc04,UFC Fight Night: Smith vs. Clark,2020-11-28,"Las Vegas, Nevada, USA"
f457e128410c28a8,UFC 255: Figueiredo vs. Perez,2020-11-21,"Las Vegas, Nevada, USA"
18f4fd00b2b28270,UFC Fight Night: Felder vs. Dos Anjos,2020-11-14,"Las Vegas, Nevada, USA"
f7c4b33984826483,UFC Fight Night: Santos vs. Teixeira,2020-11-07,"Las Vegas, Nevada, USA"
5820008def132a5a,UFC Fight Night: Hall vs. Silva,2020-10-31,"Las Vegas, Nevada, USA"
bf110171c6c2e74c,UFC 254: Khabib vs. Gaethje,2020-10-24,"Abu Dhabi, Abu Dhabi, United Arab Emirates"
0608b0ee9a1ebfcd,UFC Fight Night: Ortega vs. The Korean Zombie,2020-10-17,"Abu Dhabi, Abu Dhabi, United Arab Emirates"
8fe679827b6e04cc,UFC Fight Night: Moraes vs. Sandhagen,2020-10-10,"Abu Dhabi, Abu Dhabi, United Arab Emirates"
8433565316a55d2f,UFC Fight Night: Holm vs. Aldana,2020-10-03,"Abu Dhabi, Abu Dhabi, United Arab Emirates"
6e9654f0d8e1b19b,UFC 253: Adesanya vs. Costa,2020-09-26,"Abu Dhabi, Abu Dhabi, United Arab Emirates"
9eec7614bc120a7c,UFC Fight Night: Covington vs. Woodley,2020-09-19,"Las Vegas, Nevada, USA"
cee3df1af138747b,UFC Fight Night: Waterson vs. Hill,2020-09-12,"Las Vegas, Nevada, USA"
37402da67a1d0b0a,UFC Fight Night: Overeem vs. Sakai,2020-09-05,"Las Vegas, Nevada, USA"
e0e7b95f4304db13,UFC Fight Night: Smith vs. Rakic,2020-08-29,"Las Vegas, Nevada, USA"
7edcc7060a86fa31,UFC Fight Night: Munhoz vs. Edgar,2020-08-22,"Las Vegas, Nevada, USA"
42c8cf74bccc5e91,UFC 252: Miocic vs. Cormier 3,2020-08-15,"Las Vegas, Nevada, USA"
9ff41ed02915b59c,UFC Fight Night: Lewis vs. Oleinik,2020-08-08,"Las Vegas, Nevada, USA"
b0741aeb3b97ebfa,UFC Fight Night: Brunson vs. Shahbazyan,2020-08-01,"Las Vegas, Nevada, USA"
1961c80ff4150cc4,UFC Fight Night: Whittaker vs. Till,2020-07-25,"Abu Dhabi, Abu Dhabi, United Arab Emirates"
75ce11fb7a77aa57,UFC Fight Night: Figueiredo vs. Benavidez 2,2020-07-18,"Abu Dhabi, Abu Dhabi, United Arab Emirates"
a19d02c2bc41cce1,UFC Fight Night: Kattar vs. Ige,2020-07-15,"Abu Dhabi, Abu Dhabi, United Arab Emirates"
1a062844f9872aa8,UFC 251: Usman vs. Masvidal,2020-07-11,"Abu Dhabi, Abu Dhabi, United Arab Emirates"
1e26575f3bb97bc9,UFC Fight Night: Poirier vs. Hooker,2020-06-27,"Las Vegas, Nevada, USA"
a9077e674260cca7,UFC Fight Night: Blaydes vs. Volkov,2020-06-20,"Las Vegas, Nevada, USA"
dc09e35c2d889c2b,UFC Fight Night: Eye vs. Calvillo,2020-06-13,"Las Vegas, Nevada, USA"
4df4541a114daa44,UFC 250: Nunes vs. Spencer,2020-06-06,"Las Vegas, Nevada, USA"
3df921e601920778,UFC Fight Night: Woodley vs. Burns,2020-05-30,"Las Vegas, Nevada, USA"
d537667b5587bfc8,UFC Fight Night: Overeem vs. Harris,2020-05-16,"Jacksonville, Florida, USA"
544558c593e20541,UFC Fight Night: Smith vs. Teixeira,2020-05-13,"Jacksonville, Florida, USA"
de85a355ae788109,UFC 249: Ferguson vs. Gaethje,2020-05-09,"Jacksonville, Florida, USA"
10298f38e608c35f,UFC Fight Night: Lee vs. Oliveira,2020-03-14,"Brasilia, Distrito Federal, Brazil"
21314cdd704ee2e9,UFC 248: Adesanya vs. Romero,2020-03-07,"Las Vegas, Nevada, USA"
a78432f15ab0ea40,UFC Fight Night: Benavidez vs. Figueiredo,2020-02-29,"Norfolk, Virginia, USA"
e17fd2971b71b4b6,UFC Fight Night: Felder vs. Hooker,2020-02-22,"Auckland, New Zealand"
f35713fb39fb9b17,UFC Fight Night: Anderson vs. Blachowicz,2020-02-15,"Rio Rancho, New Mexico, USA"
9396f7b86a155c72,UFC 247: Jones vs. Reyes,2020-02-08,"Houston, Texas, USA"
ee1673dff8a1f2f4,UFC Fight Night: Blaydes vs. Dos Santos,2020-01-25,"Raleigh, North Carolina, USA"
a45ea9d901033b2f,UFC 246: McGregor vs. Cowboy,2020-01-18,"Las Vegas, Nevada, USA"
334cd17285231c5b,UFC Fight Night: Edgar vs. The Korean Zombie,2019-12-21,"Busan, South Korea"
374d11e7bf775e47,UFC 245: Usman vs. Covington,2019-12-14,"Las Vegas, Nevada, USA"
5d685632ee5a4d9a,UFC Fight Night: Overeem vs. Rozenstruik,2019-12-07,"Washington, DC, USA"
0374b6219e26d26e,UFC Fight Night: Blachowicz vs. Jacare,2019-11-16,"Sao Paulo, Sao Paulo, Brazil"
3fc598e722167faf,UFC Fight Night: Zabit vs. Kattar,2019-11-09,"Moscow, Moscow, Russia"
02f9a1b3045a8b72,UFC 244: Masvidal vs. Diaz,2019-11-02,"New York City, New York, USA"
8891abbabc55c0dc,UFC Fight Night: Maia vs. Askren,2019-10-26,"Kallang, Singapore"
eb36c0fca4457706,UFC Fight Night: Reyes vs. Weidman,2019-10-18,"Boston, Massachusetts, USA"
771cca4be667fd87,UFC Fight Night: Joanna vs. Waterson,2019-10-12,"Tampa, Florida, USA"
1f3c42664d3891cb,UFC 243: Whittaker vs. Adesanya,2019-10-05,"Melbourne, Victoria, Australia"
220e25ab767d9efb,UFC Fight Night: Hermansson vs. Cannonier,2019-09-28,"Copenhagen, Denmark"
b6a1a62b7fdb776e,UFC Fight Night: Rodriguez vs. Stephens,2019-09-21,"Mexico City, Distrito Federal, Mexico"
90d67c6a22e09678,UFC Fight Night: Cowboy vs. Gaethje,2019-09-14,"Vancouver, British Columbia, Canada"
229ad70032547388,UFC 242: Khabib vs. Poirier,2019-09-07,"Abu Dhabi, Abu Dhabi, United Arab Emirates"
cbbc3c035bc72ba7,UFC Fight Night: Andrade vs. Zhang,2019-08-31,"Shenzhen, Guangdong, China"
4d5e65903055db8e,UFC 241: Cormier vs. Miocic 2,2019-08-17,"Anaheim, California, USA"
b0f3d784a5452d5e,UFC Fight Night: Shevchenko vs. Carmouche 2,2019-08-10,"Montevideo, Uruguay"
2520965a772e0fef,UFC Fight Night: Covington vs. Lawler,2019-08-03,"Newark, New Jersey, USA"
03f02600f63aed68,UFC 240: Holloway vs. Edgar,2019-07-27,"Edmonton, Alberta, Canada"
78e79d5f0f423e59,UFC Fight Night: Dos Anjos vs. Edwards,2019-07-20,"San Antonio, Texas, USA"
40067fecabaead44,UFC Fight Night: De Randamie vs. Ladd,2019-07-13,"Sacramento, California, USA"
689d2e72eefb7310,UFC 239: Jones vs. Santos,2019-07-06,"Las Vegas, Nevada, USA"
40c32dc029d9588e,UFC Fight Night: Ngannou vs. Dos Santos,2019-06-29,"Minneapolis, Minnesota, USA"
1ff7b10e625e7b75,UFC Fight Night: Moicano vs. The Korean Zombie,2019-06-22,"Greenville, South Carolina, USA"
a7529a0256a6864c,UFC 238: Cejudo vs. Moraes,2019-06-08,"Chicago, Illinois, USA"
b532dd7a4a95f3f9,UFC Fight Night: Gustafsson vs. Smith,2019-06-01,"Stockholm, Sweden"
882c9012ea123868,UFC Fight Night: Dos Anjos vs. Lee,2019-05-18,"Rochester, New York, USA"
c85b20c8d7d4a8b8,UFC 237: Namajunas vs. Andrade,2019-05-11,"Rio de Janeiro, Rio de Janeiro, Brazil"
bb3f4ed8f7bca2c0,UFC Fight Night: Iaquinta vs. Cowboy,2019-05-04,"Ottawa, Ontario, Canada"
1733a1857ac12ad9,UFC Fight Night: Jacare vs. Hermansson,2019-04-27,"Sunrise, Florida, USA"
5f2906f9645e6e04,UFC Fight Night: Overeem vs. Oleinik,2019-04-20,"Saint Petersburg, Saint Petersburg, Russia"
de78d21db6625a8a,UFC 236: Holloway vs. Poirier 2,2019-04-13,"Atlanta, Georgia, USA"
4c5ca4d307be040b,UFC Fight Night: Barboza vs. Gaethje,2019-03-30,"Philadelphia, Pennsylvania, USA"
681e44a71ec4c9c0,UFC Fight Night: Thompson vs. Pettis,2019-03-23,"Nashville, Tennessee, USA"
f52ec5b473dd225c,UFC Fight Night: Till vs. Masvidal,2019-03-16,"London, England, United Kingdom"
18e65c9fe9f6ae59,UFC Fight Night: Lewis vs. Dos Santos,2019-03-09,"Wichita, Kansas, USA"
8e71f0847bb195ab,UFC 235: Jones vs. Smith,2019-03-02,"Las Vegas, Nevada, USA"
f8cd7a2423094c81,UFC Fight Night: Blachowicz vs. Santos,2019-02-23,"Prague, Czech Republic"
bfc91d3d5c658e8d,UFC Fight Night: Ngannou vs. Velasquez,2019-02-17,"Phoenix, Arizona, USA"
7a63e9b6826cb751,UFC 234: Adesanya vs. Silva,2019-02-09,"Melbourne, Victoria, Australia"
0f23d2777a459ec6,UFC Fight Night: Assuncao vs. Moraes 2,2019-02-02,"Fortaleza, Ceara, Brazil"
1fb7a28ad5eaa248,UFC Fight Night: Cejudo vs. Dillashaw,2019-01-19,"Brooklyn, New York, USA"
c58e84ef127133c2,UFC 232: Jones vs. Gustafsson 2,2018-12-29,"Los Angeles, California, USA"
2ccaffc828267176,UFC Fight Night: Lee vs. Iaquinta,2018-12-15,"Milwaukee, Wisconsin, USA"
db63ba8a502f22ed,UFC 231: Holloway vs. Ortega,2018-12-08,"Toronto, Ontario, Canada"
4f05ee2b521ea84e,UFC Fight Night: Dos Santos vs. Tuivasa,2018-12-01,"Adelaide, South Australia, Australia"
4587ae85e964b018,The Ultimate Fighter: Heavy Hitters Finale,2018-11-30,"Las Vegas, Nevada, USA"
e63887703d29b41f,UFC Fight Night: Blaydes vs. Ngannou 2,2018-11-24,"Beijing, China"
90d807b4bf9d2707,UFC Fight Night: Magny vs. Ponzinibbio,2018-11-17,"Buenos Aires, Buenos Aires, Argentina"
dd330c699b5501e4,UFC Fight Night: Korean Zombie vs. Rodriguez,2018-11-10,"Denver, Colorado, USA"
e3b6c15e92211ce9,UFC 230: Cormier vs. Lewis,2018-11-03,"New York City, New York, USA"
0a2531aa84560e50,UFC Fight Night: Oezdemir vs. Smith,2018-10-27,"Moncton, New Brunswick, Canada"
3681f5fe54427ef5,UFC 229: Khabib vs. McGregor,2018-10-06,"Las Vegas, Nevada, USA"
f97c6bbde8ca8867,UFC Fight Night: Marreta vs. Anders,2018-09-22,"Sao Paulo, Sao Paulo, Brazil"
6173f7aec2c9bf85,UFC Fight Night: Hunt vs. Oleinik,2018-09-15,"Moscow, Moscow, Russia"
50f3ba46cd61b80c,UFC 228: Woodley vs. Till,2018-09-08,"Dallas, Texas, USA"
ff60932ab5094e2e,UFC Fight Night: Gaethje vs. Vick,2018-08-25,"Lincoln, Nebraska, USA"
dbe3ebb66ca15a6f,UFC 227: Dillashaw vs. Garbrandt 2,2018-08-04,"Los Angeles, California, USA"
c3b37fdb2085521e,UFC Fight Night: Alvarez vs. Poirier 2,2018-07-28,"Calgary, Alberta, Canada"
449ba63a385ad239,UFC Fight Night: Shogun vs. Smith,2018-07-22,"Hamburg, Hamburg, Germany"
26aeb74b9a636334,UFC Fight Night: Dos Santos vs. Ivanov,2018-07-14,"Boise, Idaho, USA"
b490643a893c1739,UFC 226: Miocic vs. Cormier,2018-07-07,"Las Vegas, Nevada, USA"
0eba870cc8957ce1,The Ultimate Fighter: Undefeated Finale,2018-07-06,"Las Vegas, Nevada, USA"
dfb21f95d9e10f44,UFC Fight Night: Cowboy vs. Edwards,2018-06-23,"Kallang, Singapore"
f62c5aa90fe7fa81,UFC 225: Whittaker vs. Romero 2,2018-06-09,"Chicago, Illinois, USA"
bdebb315b048b0fb,UFC Fight Night: Rivera vs. Moraes,2018-06-01,"Utica, New York, USA"
37a1ba1c3e61aafd,UFC Fight Night: Thompson vs. Till,2018-05-27,"Liverpool, England, United Kingdom"
cbc54a5c011c6f7c,UFC Fight Night: Maia vs. Usman,2018-05-19,"Santiago, Chile"
674d73f021f4a362,UFC 224: Nunes vs. Pennington,2018-05-12,"Rio de Janeiro, Rio de Janeiro, Brazil"
3c4a0ce744b9670e,UFC Fight Night: Barboza vs. Lee,2018-04-21,"Atlantic City, New Jersey, USA"
775c39fa0e1800a4,UFC Fight Night: Poirier vs. Gaethje,2018-04-14,"Glendale, Arizona, USA"
d38955dfe3293d3c,UFC 223: Khabib vs. Iaquinta,2018-04-07,"Brooklyn, New York, USA"
c346aac2aeccbc82,UFC Fight Night: Werdum vs. Volkov,2018-03-17,"London, England, United Kingdom"
988213fc8535abf5,UFC 222: Cyborg vs. Kunitskaya,2018-03-03,"Las Vegas, Nevada, USA"
5dcb3d2500a58dce,UFC Fight Night: Emmett vs. Stephens,2018-02-24,"Orlando, Florida, USA"
26c2738919ebd6ef,UFC Fight Night: Cerrone vs. Medeiros,2018-02-18,"Austin, Texas, USA"
c4b48b13b7afa641,UFC 221: Romero vs. Rockhold,2018-02-10,"Perth, Western Australia, Australia"
d63d0e92a22ab7b5,UFC Fight Night: Machida vs. Anders,2018-02-03,"Belem, Para, Brazil"
dbf7b17ca7a952b2,UFC Fight Night: Jacare vs. Brunson 2,2018-01-27,"Charlotte, North Carolina, USA"
d75967825c8aff3e,UFC 220: Miocic vs. Ngannou,2018-01-20,"Boston, Massachusetts, USA"
c8f881492414947c,UFC Fight Night: Stephens vs. Choi,2018-01-14,"St. Louis, Missouri, USA"
4019eb205f1c4976,UFC 219: Cyborg vs. Holm,2017-12-30,"Las Vegas, Nevada, USA"
4818293f3dfd3392,UFC Fight Night: Lawler vs. Dos Anjos,2017-12-16,"Winnipeg, Manitoba, Canada"
172616dbc2be2f1f,UFC Fight Night: Swanson vs. Ortega,2017-12-09,"Fresno, California, USA"
fbcda852e96fa84b,UFC 218: Holloway vs. Aldo 2,2017-12-02,"Detroit, Michigan, USA"
d96abf676e5b346f,The Ultimate Fighter: A New World Champion Finale,2017-12-01,"Las Vegas, Nevada, USA"
125537ec520cfe44,UFC Fight Night: Bisping vs. Gastelum,2017-11-25,"Shanghai, Hebei, China"
5af4091edafef33d,UFC Fight Night: Werdum vs. Tybura,2017-11-18,"Sydney, New South Wales, Australia"
36bf814e5b86c81a,UFC Fight Night: Poirier vs. Pettis,2017-11-11,"Norfolk, Virginia, USA"
80a15ac654896a2d,UFC 217: Bisping vs. St-Pierre,2017-11-04,"New York City, New York, USA"
1a28dbe8e5fb6a3b,UFC Fight Night: Brunson vs. Machida,2017-10-28,"Sao Paulo, Sao Paulo, Brazil"
614e91da80c95a74,UFC Fight Night: Cerrone vs. Till,2017-10-21,"Gdansk, Poland"
63edf7e0ae71b5fa,UFC 216: Ferguson vs. Lee,2017-10-07,"Las Vegas, Nevada, USA"
5b2369e0e7dcca5c,UFC Fight Night: Saint Preux vs. Okami,2017-09-22,"Saitama, Saitama, Japan"
c991634f11fe04b9,UFC Fight Night: Rockhold vs. Branch,2017-09-16,"Pittsburgh, Pennsylvania, USA"
52d70cd251adde06,UFC 215: Nunes vs Shevchenko 2,2017-09-09,"Edmonton, Alberta, Canada"
742099a7dd221075,UFC Fight Night: Volkov vs. Struve,2017-09-02,"Rotterdam, Zuid-Holland, Netherlands"
3821c65e83211285,UFC Fight Night: Pettis vs. Moreno,2017-08-05,"Mexico City, Distrito Federal, Mexico"
f2d2c7e9aaf5a464,UFC 214: Cormier vs. Jones 2,2017-07-29,"Anaheim, California, USA"
57af80fa07ff8080,UFC Fight Night: Weidman vs. Gastelum,2017-07-22,"Uniondale, New York, USA"
d1a093c0833aa824,UFC Fight Night: Nelson vs. Ponzinibbio,2017-07-16,"Glasgow, Scotland, United Kingdom"
5773865dced33e68,UFC 213: Romero vs. Whittaker,2017-07-08,"Las Vegas, Nevada, USA"
68062f1f389582d1,The Ultimate Fighter: Redemption Finale,2017-07-07,"Las Vegas, Nevada, USA"
ae95c44b330e4c9d,UFC Fight Night: Chiesa vs. Lee,2017-06-25,"Oklahoma City, Oklahoma, USA"
c94548ce2c6b4b40,UFC Fight Night: Holm vs. Correia,2017-06-17,"Kallang, Singapore"
68f9416fc6d29965,UFC Fight Night: Lewis vs. Hunt,2017-06-10,"Auckland, New Zealand"
e38ae42c52eaf0d3,UFC 212: Aldo vs. Holloway,2017-06-03,"Rio de Janeiro, Rio de Janeiro, Brazil"
58b5add17bf5b6dd,UFC Fight Night: Gustafsson vs. Teixeira,2017-05-28,"Stockholm, Sweden"
5a3f25ed32458264,UFC 211: Miocic vs. Dos Santos,2017-05-13,"Dallas, Texas, USA"
91eac1b5ed8ed013,UFC Fight Night: Swanson vs. Lobov,2017-04-22,"Nashville, Tennessee, USA"
2951d0daf4302067,UFC on FOX: Johnson vs. Reis,2017-04-15,"Kansas City, Missouri, USA"
86354d4a0a18f6d8,UFC 210: Cormier vs. Johnson 2,2017-04-08,"Buffalo, New York, USA"
e75016a2732172dc,UFC Fight Night: Manuwa vs. Anderson,2017-03-18,"London, England, United Kingdom"
315e51f0d7e712ea,UFC Fight Night: Belfort vs. Gastelum,2017-03-11,"Fortaleza, Ceara, Brazil"
9a7468acb12e80f0,UFC 209: Woodley vs. Thompson 2,2017-03-04,"Las Vegas, Nevada, USA"
32c4f6318efe0bce,UFC Fight Night: Lewis vs. Browne,2017-02-19,"Halifax, Nova Scotia, Canada"
442d5ba2e104a292,UFC 208: Holm vs. De Randamie,2017-02-11,"Brooklyn, New York, USA"
b914a57851397c99,UFC Fight Night: Bermudez vs. The Korean Zombie,2017-02-04,"Houston, Texas, USA"
3403d7278a92c584,UFC on FOX: Shevchenko vs. Pena,2017-01-28,"Denver, Colorado, USA"
c471e6163a1b2e6f,UFC Fight Night: Rodriguez vs. Penn,2017-01-15,"Phoenix, Arizona, USA"
41f81a5a2e432e41,UFC 207: Nunes vs. Rousey,2016-12-30,"Las Vegas, Nevada, USA"
f73776229934822b,UFC on FOX: VanZant vs. Waterson,2016-12-17,"Sacramento, California, USA"
0b6bde01a00f2c46,UFC 206: Holloway vs. Pettis,2016-12-10,"Toronto, Ontario, Canada"
c166c7a727684256,UFC Fight Night: Lewis vs. Abdurakhimov,2016-12-09,"Albany, New York, USA"
95a404bd1f8d7f7e,The Ultimate Fighter: Tournament of Champions Finale,2016-12-03,"Las Vegas, Nevada, USA"
980b77dc64375298,UFC Fight Night: Whittaker vs. Brunson,2016-11-26,"Melbourne, Victoria, Australia"
8f274ad14854cdce,UFC Fight Night: Bader vs. Nogueira,2016-11-19,"Sao Paulo, Sao Paulo, Brazil"
738c34348d7d691f,UFC Fight Night: Mousasi vs. Hall 2,2016-11-19,"Belfast, Northern Ireland, United Kingdom"
cfbe63f311e37aea,UFC 205: Alvarez vs McGregor,2016-11-12,"New York City, New York, USA"
1b6b61caff65db7d,UFC Fight Night: Dos Anjos vs. Ferguson,2016-11-05,"Mexico City, Distrito Federal, Mexico"
095675d0d3d6de52,UFC 204: Bisping vs. Henderson,2016-10-08,"Manchester, England, United Kingdom"
28b8b8bc3bedab11,UFC Fight Night: Lineker vs. Dodson,2016-10-01,"Portland, Oregon, USA"
23b33a651e26a009,UFC Fight Night: Cyborg vs. Lansberg,2016-09-24,"Brasilia, Distrito Federal, Brazil"
669496906879932f,UFC Fight Night: Poirier vs. Johnson,2016-09-17,"Hidalgo, Texas, USA"
7986f6d1ed3f3dfa,UFC 203: Miocic vs. Overeem,2016-09-10,"Cleveland, Ohio, USA"
0a421dcff241f5d7,UFC Fight Night: Arlovski vs. Barnett,2016-09-03,"Hamburg, Hamburg, Germany"
349bfdfb4bd5f794,UFC on FOX: Maia vs. Condit,2016-08-27,"Vancouver, British Columbia, Canada"
515d3553b10448c9,UFC 202: Diaz vs. McGregor 2,2016-08-20,"Las Vegas, Nevada, USA"
efbdcc45f8501aaa,UFC Fight Night: Rodriguez vs. Caceres,2016-08-06,"Salt Lake City, Utah, USA"
42a7f1a1ad87bde3,UFC 201: Lawler vs. Woodley,2016-07-30,"Atlanta, Georgia, USA"
b43ab1f67b7021ba,UFC on FOX: Holm vs. Shevchenko,2016-07-23,"Chicago, Illinois, USA"
0a3b88b70bf9a14b,UFC Fight Night: McDonald vs. Lineker,2016-07-13,"Sioux Falls, South Dakota, USA"
b1f3fad353e47ccd,UFC 200: Tate vs Nunes,2016-07-09,"Las Vegas, Nevada, USA"
2f76ab074d774e74,The Ultimate Fighter: Team Joanna vs. Team Cláudia Finale,2016-07-08,"Las Vegas, Nevada, USA"
3b6c2bab7aa38b5d,UFC Fight Night: Dos Anjos vs. Alvarez,2016-07-07,"Las Vegas, Nevada, USA"
8c043ce75fbded00,UFC Fight Night: MacDonald vs Thompson,2016-06-18,"Ottawa, Ontario, Canada"
320b54cb826ac680,UFC 199: Rockhold vs. Bisping 2,2016-06-04,"Los Angeles, California, USA"
d8091e7e1600a157,UFC Fight Night: Almeida vs Garbrandt,2016-05-29,"Las Vegas, Nevada, USA"
214ef10364505bad,UFC 198: Werdum vs Miocic,2016-05-14,"Curitiba, Parana, Brazil"
7575ccb1a8c0c7b4,UFC Fight Night: Overeem vs Arlovski,2016-05-08,"Rotterdam, Zuid-Holland, Netherlands"
b1df64a0785034ae,UFC 197: Jones vs Saint Preux,2016-04-23,"Las Vegas, Nevada, USA"
f9c6ae7634e27824,UFC on FOX: Teixeira vs Evans,2016-04-16,"Tampa, Florida, USA"
9aba097fb80de43e,UFC Fight Night: Rothwell vs Dos Santos,2016-04-10,"Zagreb, Croatia"
0d93b90aec114279,UFC Fight Night: Hunt vs Mir,2016-03-19,"Brisbane, Queensland, Australia"
32c80c7cca95445f,UFC 196: McGregor vs Diaz,2016-03-05,"Las Vegas, Nevada, USA"
39db7a8417fddd24,UFC Fight Night: Silva vs Bisping,2016-02-27,"London, England, United Kingdom"
1cfbb6934195edcb,UFC Fight Night: Cowboy vs Cowboy,2016-02-21,"Pittsburgh, Pennsylvania, USA"
e97b66711a0f3eb2,UFC Fight Night: Hendricks vs Thompson,2016-02-06,"Las Vegas, Nevada, USA"
1639ffcf9c5ff7dd,UFC on FOX: Johnson vs. Bader,2016-01-30,"Newark, New Jersey, USA"
4b6e0baa3c4f5798,UFC Fight Night: Dillashaw vs Cruz,2016-01-17,"Boston, Massachusetts, USA"
8ca085d47d727774,UFC 195: Lawler vs Condit,2016-01-02,"Las Vegas, Nevada, USA"
0cfcd5ce879335ea,UFC on FOX: Dos Anjos vs. Cowboy 2,2015-12-19,"Orlando, Florida, USA"
98e055ae60182350,UFC 194: Aldo vs McGregor,2015-12-12,"Las Vegas, Nevada, USA"
2cf3470e38450b2b,The Ultimate Fighter: Team McGregor vs. Team Faber Finale,2015-12-11,"Las Vegas, Nevada, USA"
e61397e8f0e93b8f,UFC Fight Night: Namajunas vs. VanZant,2015-12-10,"Las Vegas, Nevada, USA"
235e78d41dacb6ee,UFC Fight Night: Henderson vs Masvidal,2015-11-28,"Seoul, South Korea"
7489cb90de073f02,UFC Fight Night: Magny vs Gastelum,2015-11-21,"Monterrey, Nuevo Leon, Mexico"
211d111f6771b879,UFC 193: Rousey vs Holm,2015-11-14,"Melbourne, Victoria, Australia"
3765b00916efb5bf,UFC Fight Night: Belfort vs Henderson 3,2015-11-07,"Sao Paulo, Sao Paulo, Brazil"
7a4bcb10191d65b1,UFC Fight Night: Holohan vs Smolka,2015-10-24,"Dublin, Leinster, Ireland"
8223cd7ded104787,UFC 192: Cormier vs Gustafsson,2015-10-03,"Houston, Texas, USA"
ff245b19ab104e24,UFC Fight Night: Barnett vs Nelson,2015-09-26,"Saitama, Japan"
a1c9bbd9f08a82e3,UFC 191: Johnson vs Dodson 2,2015-09-05,"Las Vegas, Nevada, USA"
2a42b07756549e84,UFC Fight Night: Holloway vs Oliveira,2015-08-23,"Saskatoon, Saskatchewan, Canada"
4ea635021d5dfd2e,UFC Fight Night: Teixeira vs Saint Preux,2015-08-08,"Nashville, Tennessee, USA"
51973ae686377c90,UFC 190: Rousey vs Correia,2015-08-01,"Rio de Janeiro, Rio de Janeiro, Brazil"
4aa2e3bc16164772,UFC on FOX: Dillashaw vs. Barao II,2015-07-25,"Chicago, Illinois, USA"
5c3db0dbc35aab0b,UFC Fight Night: Bisping vs Leites,2015-07-18,"Glasgow, Scotland, United Kingdom"
bd4981190a0c88e4,UFC Fight Night: Mir vs Duffee,2015-07-15,"San Diego, California, USA"
3e8f2c3a06bd4601,The Ultimate Fighter: American Top Team vs. Blackzilians Finale,2015-07-12,"Las Vegas, Nevada, USA"
89784a03ff65729c,UFC 189: Mendes vs McGregor,2015-07-11,"Las Vegas, Nevada, USA"
6d5fcca821cfba77,UFC Fight Night: Machida vs Romero,2015-06-27,"Hollywood, Florida, USA"
629d661bf55775dd,UFC Fight Night: Jedrzejczyk vs Penne,2015-06-20,"Berlin, Berlin, Germany"
2448df961e7f82d9,UFC 188: Velasquez vs Werdum,2015-06-13,"Mexico City, Distrito Federal, Mexico"
f93681e6b17b6747,UFC Fight Night: Boetsch vs Henderson,2015-06-06,"New Orleans, Louisiana, USA"
9aec62f318e8c6ee,UFC Fight Night: Condit vs Alves,2015-05-30,"Goiania, Goias, Brazil"
7f68968acfae769c,UFC 187: Johnson vs Cormier,2015-05-23,"Las Vegas, Nevada, USA"
98189384fd418603,UFC Fight Night: Edgar vs Faber,2015-05-16,"Manila, Philippines"
f2da60d0ee1a632b,UFC Fight Night: Miocic vs Hunt,2015-05-09,"Adelaide, South Australia, Australia"
a883599c87d4bb1c,UFC 186: Johnson vs Horiguchi,2015-04-25,"Montreal, Quebec, Canada"
45594b555d1fbba5,UFC on FOX: Machida vs Rockhold,2015-04-18,"Newark, New Jersey, USA"
ed8521ed291b2310,UFC Fight Night: Gonzaga vs Cro Cop 2,2015-04-11,"Krakow, Poland"
e1cb60093a3b2b65,UFC Fight Night: Mendes vs Lamas,2015-04-04,"Fairfax, Virginia, USA"
b0de440c6eb3d5b5,UFC Fight Night: Maia vs LaFlare,2015-03-21,"Rio de Janeiro, Brazil"
79645c72572bdc61,UFC 185: Pettis vs Dos Anjos,2015-03-14,"Dallas, Texas, USA"
ad1f6481b7172fe1,UFC 184: Rousey vs Zingano,2015-02-28,"Los Angeles, California, USA"
67269b210311f78f,UFC Fight Night: Bigfoot vs Mir,2015-02-22,"Porto Alegre, Rio Grande do Sul, Brazil"
106d522ee3d3fcad,UFC Fight Night: Henderson vs Thatch,2015-02-14,"Broomfield, Colorado, USA"
4474cfcc8c149fb4,UFC 183: Silva vs Diaz,2015-01-31,"Las Vegas, Nevada, USA"
7f489d44c704f8fd,UFC on FOX: Gustafsson vs Johnson,2015-01-24,"Stockholm, Sweden"
4cf98987b89d32eb,UFC Fight Night: McGregor vs Siver,2015-01-18,"Boston, Massachusetts, USA"
0e6edb840fab68dc,UFC 182: Jones vs Cormier,2015-01-03,"Las Vegas, Nevada, USA"
9d62df9d593da91c,UFC Fight Night: Machida vs Dollaway,2014-12-20,"Barueri, Sao Paulo, Brazil"
d27a0c452941cfe4,UFC on FOX: Dos Santos vs Miocic,2014-12-13,"Phoenix, Arizona, USA"
340aa4de858b1903,The Ultimate Fighter: A Champion Will Be Crowned Finale,2014-12-12,"Las Vegas, Nevada, USA"
93e40416c872c9c8,UFC 181: Hendricks vs Lawler II,2014-12-06,"Las Vegas, Nevada, USA"
07d5f76aba833281,UFC Fight Night: Edgar vs Swanson,2014-11-22,"Austin, Texas, USA"
cbd5c423a25b0d7f,UFC 180: Werdum vs Hunt,2014-11-15,"Mexico City, Distrito Federal, Mexico"
a8ddf782e6211724,UFC Fight Night 56: Shogun vs Saint Preux,2014-11-08,"Uberlandia, Minas Gerais, Brazil"
c189525bec52b0a9,UFC Fight Night: Rockhold vs Bisping,2014-11-07,"Sydney, New South Wales, Australia"
1a63252dc2a1514d,UFC 179: Aldo vs Mendes 2,2014-10-25,"Rio de Janeiro, Brazil"
674dca91e6b178db,UFC Fight Night: MacDonald vs Saffiedine,2014-10-04,"Halifax, Nova Scotia, Canada"
b6246a88bddd5d64,UFC Fight Night: Nelson vs Story,2014-10-04,"Stockholm, Sweden"
62b9510ff8a10421,UFC 178: Johnson vs Cariaso,2014-09-27,"Las Vegas, Nevada, USA"
dffb45bd112d8416,UFC Fight Night: Hunt vs Nelson,2014-09-20,"Saitama, Japan"
b4ee773674f6bbc0,UFC Fight Night: Bigfoot vs Arlovski,2014-09-13,"Brasilia, Distrito Federal, Brazil"
763ec9f8661ef7a6,UFC Fight Night: Jacare vs Mousasi,2014-09-05,"Ledyard, Connecticut, USA"
493f8bda4c54b0f8,UFC 177: Dillashaw vs Soto,2014-08-30,"Sacramento, California, USA"
0cc0ace485e5cc91,UFC Fight Night: Henderson vs Dos Anjos,2014-08-23,"Tulsa, Oklahoma, USA"
d25fba71f6f432f6,UFC Fight Night: Bisping vs Le,2014-08-23,"Macau, China"
203b7b8b54bc7cab,UFC Fight Night: Bader vs Saint Preux,2014-08-16,"Bangor, Maine, USA"
d84f5af382db7ce5,UFC on FOX: Lawler vs Brown,2014-07-26,"San Jose, California, USA"
788b49de9888eac1,UFC Fight Night: McGregor vs Brandao,2014-07-19,"Dublin, Leinster, Ireland"
c24f0ea21510a3c5,UFC Fight Night: Cowboy vs Miller,2014-07-16,"Atlantic City, New Jersey, USA"
74d2ae829e695d09,The Ultimate Fighter: Team Edgar vs. Team Penn Finale,2014-07-06,"Las Vegas, Nevada, USA"
b23585ed186ea9af,UFC 175: Weidman vs Machida,2014-07-05,"Las Vegas, Nevada, USA"
a9e95d8f151cafbb,UFC Fight Night: Swanson vs Stephens,2014-06-28,"San Antonio, Texas, USA"
67c6cc410e6fe35d,UFC Fight Night: Te Huna vs Marquardt,2014-06-28,"Auckland, New Zealand"
a207554daa41dc7b,UFC 174: Johnson vs Bagautinov,2014-06-14,"Vancouver, British Columbia, Canada"
ab485d31e5bca2d4,UFC Fight Night: Henderson vs Khabilov,2014-06-07,"Albuquerque, New Mexico, USA"
a0655d5b5901b086,UFC Fight Night: Miocic vs Maldonado,2014-05-31,"Sao Paulo, Brazil"
26260570347be6d2,UFC Fight Night: Munoz vs Mousasi,2014-05-31,"Berlin, Germany"
7af5ffb7391ad85e,UFC 173: Barao vs Dillashaw,2014-05-24,"Las Vegas, Nevada, USA"
de94979be2226773,UFC Fight Night: Brown vs Silva,2014-05-10,"Cincinnati, Ohio, USA"
7751c62f8e76336e,UFC 172: Jones vs Teixeira,2014-04-26,"Baltimore, Maryland, USA"
a5a5974c1798cb8f,UFC on FOX: Werdum vs Browne,2014-04-19,"Orlando, Florida, USA"
e5defd1c7e06934e,UFC Fight Night: Bisping vs Kennedy,2014-04-16,"Quebec City, Quebec, Canada"
274262e22ee586b1,UFC Fight Night: Minotauro vs Nelson,2014-04-11,"Abu Dhabi, United Arab Emirates"
34b718b9ff3b987f,UFC Fight Night: Shogun vs Henderson 2,2014-03-23,"Natal, Rio Grande do Norte, Brazil"
04ff884a330975e5,UFC 171: Hendricks vs Lawler,2014-03-15,"Dallas, Texas, USA"
4eeb1b9fea7670f1,UFC Fight Night: Gustafsson vs Manuwa,2014-03-08,"London, England, United Kingdom"
4d1ac741cf09222a,UFC Fight Night: Kim vs Hathaway,2014-03-01,"Macau, China"
a3d29a0c58c2b156,UFC 170: Rousey vs McMann,2014-02-22,"Las Vegas, Nevada, USA"
d2c9323cfd6654a2,UFC Fight Night: Machida vs Mousasi,2014-02-15,"Jaragua do Sul, Santa Catarina, Brazil"
a64c0b40755473cc,UFC 169: Barao vs Faber 2,2014-02-01,"Newark, New Jersey, USA"
6b38ef9c37cb00b2,UFC on FOX: Henderson vs Thomson,2014-01-25,"Chicago, Illinois, USA"
8315c97416fe7727,UFC Fight Night: Rockhold vs Philippou,2014-01-15,"Duluth, Georgia, USA"
1604ab3c56d9a469,UFC Fight Night: Saffiedine vs Lim,2014-01-04,"Singapore, Singapore"
16302ec88ca00272,UFC 168: Weidman vs Silva 2,2013-12-28,"Las Vegas, Nevada, USA"
890ae09c40313028,UFC on FOX: Johnson vs. Benavidez 2,2013-12-14,"Sacramento, California, USA"
a5e5788e2a285771,UFC Fight Night: Hunt vs Bigfoot,2013-12-06,"Brisbane, Queensland, Australia"
917927b30ee33c88,The Ultimate Fighter: Team Rousey vs. Team Tate Finale,2013-11-30,"Las Vegas, Nevada, USA"
9573290f8eb36a27,UFC 167: St-Pierre vs Hendricks,2013-11-16,"Las Vegas, Nevada, USA"
119a3c6e925e150f,UFC Fight Night: Belfort vs Henderson 2,2013-11-09,"Goiania, Goias, Brazil"
f0e637a67e06509d,UFC Fight Night: Fight for the Troops 3,2013-11-06,"Fort Campbell, Kentucky, USA"
f8ab074d68d4c79b,UFC Fight Night: Machida vs Munoz,2013-10-26,"Manchester, England, United Kingdom"
1a0f1fae86eada9d,UFC 166: Velasquez vs Dos Santos 3,2013-10-19,"Houston, Texas, USA"
992425261268a77f,UFC Fight Night: Maia vs Shields,2013-10-09,"Barueri, Sao Paulo, Brazil"
3a97a84db3dc06be,UFC 165: Jones vs Gustafsson,2013-09-21,"Toronto, Ontario, Canada"
49b47dc434adf19e,UFC Fight Night: Teixeira vs Bader,2013-09-04,"Belo Horizonte, Minas Gerais, Brazil"
e894b77c3c07aa26,UFC 164: Henderson vs Pettis 2,2013-08-31,"Milwaukee, Wisconsin, USA"
63bae2b1464aca78,UFC Fight Night: Condit vs Kampmann 2,2013-08-28,"Indianapolis, Indiana, USA"
94b3c6ac886b7aae,UFC Fight Night: Shogun vs Sonnen,2013-08-17,"Boston, Massachusetts, USA"
de87d0814b1f773f,UFC 163: Aldo vs Jung,2013-08-03,"Rio de Janeiro, Brazil"
425bc95d10be3cb0,UFC on FOX: Johnson vs Moraga,2013-07-27,"Seattle, Washington, USA"
4c1965fefb810ab7,UFC 162: Silva vs Weidman,2013-07-06,"Las Vegas, Nevada, USA"
6682e9f45c45e1b0,UFC 161: Evans vs Henderson,2013-06-15,"Winnipeg, Manitoba, Canada"
60491755c23d3c3d,UFC on FUEL TV: Nogueira vs. Werdum,2013-06-08,"Fortaleza, Ceara, Brazil"
0aff644f24a5c3c4,UFC 160: Velasquez vs Silva 2,2013-05-25,"Las Vegas, Nevada, USA"
eeb4a2b0f73c5cf8,UFC on FX: Belfort vs. Rockhold,2013-05-18,"Jaragua do Sul, Santa Catarina, Brazil"
897a7a5443f113b8,UFC 159: Jones vs Sonnen,2013-04-27,"Newark, New Jersey, USA"
6a54fd38bd535319,UFC on FOX: Henderson vs Melendez,2013-04-20,"San Jose, California, USA"
bd80b5353e82cf4d,The Ultimate Fighter: Team Jones vs. Team Sonnen Finale,2013-04-13,"Las Vegas, Nevada, USA"
31673ff59f2dd020,UFC on FUEL TV: Mousasi vs Latifi,2013-04-06,"Stockholm, Sweden"
f8bc16ccbc90eb32,UFC 158: St-Pierre vs Diaz,2013-03-16,"Montreal, Quebec, Canada"
c363e9ba950b0fb8,UFC on FUEL TV: Silva vs. Stann,2013-03-02,"Saitama, Japan"
f859aac79dba76be,UFC 157: Rousey vs Carmouche,2013-02-23,"Anaheim, California, USA"
43763d14402a2b36,UFC on FUEL TV: Barao vs McDonald,2013-02-16,"London, England, United Kingdom"
8ce742e299b3482a,UFC 156: Aldo vs Edgar,2013-02-02,"Las Vegas, Nevada, USA"
ce1703ffb267abd4,UFC on FOX: Johnson vs Dodson,2013-01-26,"Chicago, Illinois, USA"
59cd71e515b513ce,UFC on FX: Belfort vs Bisping,2013-01-19,"Sao Paulo, Brazil"
96d500fd1103e11d,UFC 155: Dos Santos vs Velasquez II,2012-12-29,"Las Vegas, Nevada, USA"
6a564dcd0e15cd2e,The Ultimate Fighter: Team Carwin vs. Team Nelson Finale,2012-12-15,"Las Vegas, Nevada, USA"
5ca2475205fbedd9,UFC on FX: Sotiropoulos vs Pearson,2012-12-14,"Gold Coast, Queensland, Australia"
7732f33941629ac4,UFC on FOX: Henderson vs Diaz,2012-12-08,"Seattle, Washington, USA"
f4281a82e0067b79,UFC 154: St-Pierre vs Condit,2012-11-17,"Montreal, Quebec, Canada"
825d85f37b0622f4,UFC Macao: Franklin vs Le,2012-11-10,"Macau, China"
8cdcaf0148e0354c,UFC 153: Silva vs Bonnar,2012-10-13,"Rio de Janeiro, Brazil"
5f4e6fc650ab6a89,UFC on FX: Browne vs Bigfoot,2012-10-05,"Minneapolis, Minnesota, USA"
d7213e2203ac1422,UFC on FUEL TV: Struve vs Miocic,2012-09-29,"Nottingham, England, United Kingdom"
68ef2d24c5d51aba,UFC 152: Jones vs Belfort,2012-09-22,"Toronto, Ontario, Canada"
72aa2c1640bdf6bf,UFC 150: Henderson vs Edgar II,2012-08-11,"Denver, Colorado, USA"
f34eba0dc6d044ff,UFC on FOX: Shogun vs Vera,2012-08-04,"Los Angeles, California, USA"
486e4f149fe6fefe,UFC 149: Faber vs Barao,2012-07-21,"Calgary, Alberta, Canada"
4bef1f009d4e7633,UFC on FUEL TV: Munoz vs Weidman,2012-07-11,"San Jose, California, USA"
9b6cb3cfebca6db8,UFC 148: Silva vs Sonnen 2,2012-07-07,"Las Vegas, Nevada, USA"
6df7ca727a356796,UFC 147: Silva vs Franklin 2,2012-06-23,"Belo Horizonte, Minas Gerais, Brazil"
56cd51b07b937a81,UFC on FX: Maynard vs Guida,2012-06-22,"Atlantic City, New Jersey, USA"
e508d0288222bad0,UFC on FX: Johnson vs McCall,2012-06-08,"Sunrise, Florida, USA"
a5908be911289467,The Ultimate Fighter: Live Finale,2012-06-01,"Las Vegas, Nevada, USA"
166fb1b4afbd5a6c,UFC 146: Dos Santos vs Mir,2012-05-26,"Las Vegas, Nevada, USA"
79b97ab857d0ffda,UFC on FUEL TV: Korean Zombie vs Poirier,2012-05-15,"Fairfax, Virginia, USA"
cc755585cbaa6a1c,UFC on FOX: Diaz vs Miller,2012-05-05,"East Rutherford, New Jersey, USA"
9787d2ce8217f072,UFC 145: Jones vs Evans,2012-04-21,"Atlanta, Georgia, USA"
c76b4ef71815b544,UFC on FUEL TV: Gustafsson vs Silva,2012-04-14,"Stockholm, Sweden"
7e0c00df97b8d458,UFC on FX: Alves vs Kampmann,2012-03-02,"Sydney, New South Wales, Australia"
4f21059a8c305872,UFC 144: Edgar vs Henderson,2012-02-25,"Saitama, Japan"
aad37bcd045d097c,UFC on FUEL TV: Sanchez vs Ellenberger,2012-02-15,"Omaha, Nebraska, USA"
35169147781f09b7,UFC 143: Diaz vs Condit,2012-02-04,"Las Vegas, Nevada, USA"
3199b2065c1c5336,UFC on FOX: Evans vs Davis,2012-01-28,"Chicago, Illinois, USA"
35c64f53dcd80310,UFC on FX: Guillard vs Miller,2012-01-20,"Nashville, Tennessee, USA"
bdc668652823e51b,UFC 142: Aldo vs Mendes,2012-01-14,"Rio de Janeiro, Brazil"
9a0eb60d7e7daa52,UFC 141: Lesnar vs Overeem,2011-12-30,"Las Vegas, Nevada, USA"
6a8277ea787b2225,UFC 140: Jones vs Machida,2011-12-10,"Toronto, Ontario, Canada"
1b17658396bccd74,The Ultimate Fighter: Team Bisping vs Team Miller Finale,2011-12-03,"Las Vegas, Nevada, USA"
87c920652e65d0ea,UFC 139: Shogun vs Henderson,2011-11-19,"San Jose, California, USA"
d9a9b9dbef29c9fd,UFC on FOX: Velasquez vs Dos Santos,2011-11-12,"Anaheim, California, USA"
e742ce436b703a55,UFC 138: Leben vs Munoz,2011-11-05,"Birmingham, England, United Kingdom"
f689950c0415b45d,UFC 137: Penn vs Diaz,2011-10-29,"Las Vegas, Nevada, USA"
fd1a8ccd61fa8387,UFC 136: Edgar vs Maynard 3,2011-10-08,"Houston, Texas, USA"
90aa1a5c51f55e0c,UFC Live: Cruz vs Johnson,2011-10-01,"Washington, DC, USA"
b137b02bb22970f2,UFC 135: Jones vs Rampage,2011-09-24,"Denver, Colorado, USA"
6dd19168c34aad95,UFC Fight Night: Shields vs Ellenberger,2011-09-17,"New Orleans, Louisiana, USA"
23bfff7484688e5d,UFC 134: Silva vs Okami,2011-08-27,"Rio de Janeiro, Brazil"
0980b2ddba6ee7e5,UFC Live: Hardy vs Lytle,2011-08-14,"Milwaukee, Wisconsin, USA"
8f614159b285b84c,UFC 133: Evans vs Ortiz 2,2011-08-06,"Philadelphia, Pennsylvania, USA"
238fa3e460ce0eb3,UFC 132: Cruz vs Faber,2011-07-02,"Las Vegas, Nevada, USA"
2ecf6e7ad53ac4d0,UFC Live: Kongo vs Barry,2011-06-26,"Pittsburgh, Pennsylvania, USA"
4f47b31fb7468204,UFC 131: Dos Santos vs Carwin,2011-06-11,"Vancouver, British Columbia, Canada"
4e2d963457b15b99,The Ultimate Fighter: Team Lesnar vs Team dos Santos Finale,2011-06-04,"Las Vegas, Nevada, USA"
f77cafc105f397d5,UFC 130: Rampage vs Hamill,2011-05-28,"Las Vegas, Nevada, USA"
a0f612fd05ed83a3,UFC 129: St-Pierre vs Shields,2011-04-30,"Toronto, Ontario, Canada"
0dbe49da51ffc933,UFC Fight Night: Nogueira vs Davis,2011-03-26,"Seattle, Washington, USA"
1d86bcf9902dc5cd,UFC 128: Shogun vs Jones,2011-03-19,"Newark, New Jersey, USA"
1f9b85cdc9532662,UFC Live: Sanchez vs Kampmann,2011-03-03,"Louisville, Kentucky, USA"
aa941496973a5603,UFC 127: Penn vs Fitch,2011-02-26,"Sydney, New South Wales, Australia"
61a7c670ef300a72,UFC 126: Silva vs Belfort,2011-02-05,"Las Vegas, Nevada, USA"
2375e626b16f0d40,UFC Fight Night: Fight for the Troops 2,2011-01-22,"Killeen, Texas, USA"
6b75cecf5171e3ee,UFC 125: Resolution,2011-01-01,"Las Vegas, Nevada, USA"
fcfc539b3654d019,UFC 124: St-Pierre vs Koscheck 2,2010-12-11,"Montreal, Quebec, Canada"
0f166f7176f37c01,The Ultimate Fighter: Team GSP vs Team Koscheck Finale,2010-12-04,"Las Vegas, Nevada, USA"
d16a6a7ba0920cb4,UFC 123: Rampage vs Machida,2010-11-20,"Auburn Hills, Michigan, USA"
f5a4ba6c15b47ed2,UFC 122: Marquardt vs Okami,2010-11-13,"Oberhausen, North Rhine-Westphalia, Germany"
7403e3904e860eed,UFC 121: Lesnar vs Velasquez,2010-10-23,"Anaheim, California, USA"
136aafbaa0a08a76,UFC 120: Bisping vs Akiyama,2010-10-16,"London, England, United Kingdom"
4dfb263b2b286105,UFC 119: Mir vs Cro Cop,2010-09-25,"Indianapolis, Indiana, USA"
c62f50e0d2bd8a10,UFC Fight Night: Marquardt vs Palhares,2010-09-15,"Austin, Texas, USA"
6886bf5e9c15c5ec,UFC 118: Edgar vs Penn 2,2010-08-28,"Boston, Massachusetts, USA"
04d8b2677b521def,UFC 117: Silva vs Sonnen,2010-08-07,"Oakland, California, USA"
2f51191598ff49ee,UFC Live: Jones vs Matyushenko,2010-08-01,"San Diego, California, USA"
90aabb4fcd23e7e8,UFC 116: Lesnar vs Carwin,2010-07-03,"Las Vegas, Nevada, USA"
f58fc677af4f78eb,The Ultimate Fighter: Team Liddell vs Team Ortiz Finale,2010-06-19,"Las Vegas, Nevada, USA"
632b4c203a3f083a,UFC 115: Liddell vs Franklin,2010-06-12,"Vancouver, British Columbia, Canada"
13f3bef01e607cec,UFC 114: Rampage vs Evans,2010-05-29,"Las Vegas, Nevada, USA"
0e060efaba4b6093,UFC 113: Machida vs Shogun 2,2010-05-08,"Montreal, Quebec, Canada"
8fbd5badcdf7440a,UFC 112: Invincible,2010-04-10,"Abu Dhabi, United Arab Emirates"
61a3011d11ce1a54,UFC Fight Night: Florian vs Gomi,2010-03-31,"Charlotte, North Carolina, USA"
b4ee454fc80d0a7a,UFC 111: St-Pierre vs Hardy,2010-03-27,"Newark, New Jersey, USA"
31eb334a24db72b4,UFC Live: Vera vs Jones,2010-03-21,"Broomfield, Colorado, USA"
684a59a53a082131,UFC 110: Nogueira vs Velasquez,2010-02-20,"Sydney, New South Wales, Australia"
cfd38f62360b713b,UFC 109: Relentless,2010-02-06,"Las Vegas, Nevada, USA"
ec6455d90ff32454,UFC Fight Night: Maynard vs Diaz,2010-01-11,"Fairfax, Virginia, USA"
399e26c6e8026f9d,UFC 108: Evans vs Silva,2010-01-02,"Las Vegas, Nevada, USA"
9d868d41a449975e,UFC 107: Penn vs Sanchez,2009-12-12,"Memphis, Tennessee, USA"
2feb7d3385db1a76,The Ultimate Fighter: Heavyweights Finale,2009-12-05,"Las Vegas, Nevada, USA"
02539f7298d6d963,UFC 106: Ortiz vs Griffin 2,2009-11-21,"Las Vegas, Nevada, USA"
10036e64b5349cf8,UFC 105: Couture vs Vera,2009-11-14,"Manchester, England, United Kingdom"
7504ca76b3c970cc,UFC 104: Machida vs Shogun,2009-10-24,"Los Angeles, California, USA"
ad4bbc16aa5b397b,UFC 103: Franklin vs Belfort,2009-09-19,"Dallas, Texas, USA"
dc4d881b6f71a2f5,UFC Fight Night: Diaz vs Guillard,2009-09-16,"Oklahoma City, Oklahoma, USA"
39623d4296ad4f48,UFC 102: Couture vs Nogueira,2009-08-29,"Portland, Oregon, USA"
e60b4481154a249b,UFC 101: Declaration,2009-08-08,"Philadelphia, Pennsylvania, USA"
1fed7f41864b119b,UFC 100,2009-07-11,"Las Vegas, Nevada, USA"
40f48fffb1b57186,The Ultimate Fighter: United States vs. United Kingdom Finale,2009-06-20,"Las Vegas, Nevada, USA"
776d8a89dcd0eba9,UFC 99: The Comeback,2009-06-13,"Cologne, North Rhine-Westphalia, Germany"
aca55a1c41325a59,UFC 98: Evans vs Machida,2009-05-23,"Las Vegas, Nevada, USA"
4d108f65538aa19b,UFC 97: Redemption,2009-04-18,"Montreal, Quebec, Canada"
c1e55c7b2a260671,UFC Fight Night: Condit vs Kampmann,2009-04-01,"Nashville, Tennessee, USA"
383420a4f7dff0a9,UFC 96: Jackson vs Jardine,2009-03-07,"Columbus, Ohio, USA"
c43476d3cf892bce,UFC 95: Sanchez vs Stevenson,2009-02-21,"London, England, United Kingdom"
ec22aff485eba4f8,UFC Fight Night: Lauzon vs Stephens,2009-02-07,"Tampa, Florida, USA"
71445e3d335a6e5f,UFC 94: St-Pierre vs Penn 2,2009-01-31,"Las Vegas, Nevada, USA"
5856af9f193f41b4,UFC 93: Franklin vs Henderson,2009-01-17,"Dublin, Leinster, Ireland"
6a2f753fb36496a4,UFC 92: The Ultimate 2008,2008-12-27,"Las Vegas, Nevada, USA"
db9a2984126fe025,The Ultimate Fighter: Team Nogueira vs. Team Mir Finale,2008-12-13,"Las Vegas, Nevada, USA"
7e08a3fab523f70f,UFC Fight Night - Fight for the Troops,2008-12-10,"Fayetteville, North Carolina, USA"
9824e834a52f8ba4,UFC 91: Couture vs Lesnar,2008-11-15,"Las Vegas, Nevada, USA"
7f37c29967a50355,UFC 90: Silva vs Cote,2008-10-25,"Rosemont, Illinois, USA"
f9fb0b2971f44aee,UFC 89: Bisping vs Leben,2008-10-18,"Birmingham, England, United Kingdom"
5eb0a86028dc876d,UFC Fight Night: Diaz vs Neer,2008-09-17,"Omaha, Nebraska, USA"
930373ce9d3ad4a8,UFC 88: Breakthrough,2008-09-06,"Atlanta, Georgia, USA"
a7557bccb92d8231,UFC 87: Seek And Destroy,2008-08-09,"Minneapolis, Minnesota, USA"
8268fa2ec97cf63f,UFC: Silva vs Irvin,2008-07-19,"Las Vegas, Nevada, USA"
922991f980a6d2d7,UFC 86: Jackson vs Griffin,2008-07-05,"Las Vegas, Nevada, USA"
774adc78353e8cc3,The Ultimate Fighter: Team Rampage vs Team Forrest Finale,2008-06-21,"Las Vegas, Nevada, USA"
a2b83980f8210e31,UFC 85: Bedlam,2008-06-07,"London, England, United Kingdom"
7add3271bad0af9d,UFC 84: Ill Will,2008-05-24,"Las Vegas, Nevada, USA"
47275e16c01a20d2,UFC 83: Serra vs St-Pierre 2,2008-04-19,"Montreal, Quebec, Canada"
c352a15f50871aa2,UFC Fight Night: Florian vs Lauzon,2008-04-02,"Broomfield, Colorado, USA"
16ca2d71d1dd20ed,UFC 82: Pride of a Champion,2008-03-01,"Columbus, Ohio, USA"
48d4fd99ea79843e,UFC 81: Breaking Point,2008-02-02,"Las Vegas, Nevada, USA"
8514fb81525777b2,UFC Fight Night: Swick vs Burkman,2008-01-23,"Las Vegas, Nevada, USA"
e96bfd135c341120,UFC 80: Rapid Fire,2008-01-19,"Newcastle, England, United Kingdom"
437c4f5cc169da16,UFC 79: Nemesis,2007-12-29,"Las Vegas, Nevada, USA"
efc21f72236d999c,The Ultimate Fighter: Team Hughes vs. Team Serra Finale,2007-12-08,"Las Vegas, Nevada, USA"
815d384557d6430c,UFC 78: Validation,2007-11-17,"Newark, New Jersey, USA"
50bc806dd2b705d9,UFC 77: Hostile Territory,2007-10-20,"Cincinnati, Ohio, USA"
dcb7f10d4cd555be,UFC 76: Knockout,2007-09-22,"Anaheim, California, USA"
3cd3a3490d6f8e6e,UFC Fight Night: Thomas vs Florian,2007-09-19,"Las Vegas, Nevada, USA"
ffe56d907ddb75c7,UFC 75: Champion vs Champion,2007-09-08,"London, England, United Kingdom"
f8edaa8f9b8a5811,UFC 74: Respect,2007-08-25,"Las Vegas, Nevada, USA"
3bf89a0556049624,UFC 73: Stacked,2007-07-07,"Sacramento, California, USA"
7c9de275d6cddc25,The Ultimate Fighter: Team Pulver vs. Team Penn Finale,2007-06-23,"Las Vegas, Nevada, USA"
46abf606a6406ad3,UFC 72: Victory,2007-06-16,"Belfast, Northern Ireland, United Kingdom"
665987a930553a94,UFC Fight Night: Stout vs Fisher,2007-06-12,"Hollywood, Florida, USA"
965c310d1a1f9e8a,UFC 71: Liddell vs Jackson,2007-05-26,"Las Vegas, Nevada, USA"
1dadc273909f95d9,UFC 70: Nations Collide,2007-04-21,"Manchester, England, United Kingdom"
055af48788436aa6,UFC 69: Shootout,2007-04-07,"Houston, Texas, USA"
64ad6912cada1aa0,UFC Fight Night: Stevenson vs Guillard,2007-04-05,"Las Vegas, Nevada, USA"
fd8d3a9518483ffe,UFC 68: The Uprising,2007-03-03,"Columbus, Ohio, USA"
79a3694cb63f94f1,UFC 67: All or Nothing,2007-02-03,"Las Vegas, Nevada, USA"
4b584db0d095e0ed,UFC Fight Night: Evans vs Salmon,2007-01-25,"Hollywood, Florida, USA"
27d940c7e86dc84b,UFC 66: Liddell vs Ortiz 2,2006-12-30,"Las Vegas, Nevada, USA"
9a01702183f3582c,UFC Fight Night: Sanchez vs Riggs,2006-12-13,"San Diego, California, USA"
343b2f62a506c374,UFC 65: Bad Intentions,2006-11-18,"Sacramento, California, USA"
8eadfd08cd04f46a,The Ultimate Fighter: The Comeback Finale,2006-11-11,"Las Vegas, Nevada, USA"
ed8265d652a71d50,UFC 64: Unstoppable,2006-10-14,"Las Vegas, Nevada, USA"
1ae88086c3a7d450,Ortiz vs Shamrock 3: The Final Chapter,2006-10-10,"Hollywood, Florida, USA"
fc977030a4dc5df7,UFC 63: Hughes vs Penn,2006-09-23,"Anaheim, California, USA"
0990860c4bf3c390,UFC 62: Liddell vs Sobral,2006-08-26,"Las Vegas, Nevada, USA"
80671e8fb03b05d5,UFC Fight Night 6,2006-08-17,"Las Vegas, Nevada, USA"
59e5f4ee3bb78a21,UFC 61: Bitter Rivals,2006-07-08,"Las Vegas, Nevada, USA"
0b4ff7dc7b5e78e2,UFC Fight Night 5,2006-06-28,"Las Vegas, Nevada, USA"
c57118000d31f5f8,The Ultimate Fighter: Team Ortiz vs. Team Shamrock Finale,2006-06-24,"Las Vegas, Nevada, USA"
ae609edd60064cf1,UFC 60: Hughes vs Gracie,2006-05-27,"Los Angeles, California, USA"
85167d225aa41d0c,UFC 59: Reality Check,2006-04-15,"Anaheim, California, USA"
4f65ae80e8db07c1,UFC Fight Night 4,2006-04-06,"Las Vegas, Nevada, USA"
ff83a81f49331cd3,UFC 58: USA vs Canada,2006-03-04,"Las Vegas, Nevada, USA"
276416bf543fc1cd,UFC 57: Liddell vs Couture 3,2006-02-04,"Las Vegas, Nevada, USA"
0d61f51691f24fc5,UFC Fight Night 3,2006-01-16,"Las Vegas, Nevada, USA"
b6756235b489080f,UFC 56: Full Force,2005-11-19,"Las Vegas, Nevada, USA"
bdcef82ef83d6385,The Ultimate Fighter: Team Hughes vs. Team Franklin Finale,2005-11-05,"Las Vegas, Nevada, USA"
443373b8367cc786,UFC 55: Fury,2005-10-07,"Uncasville, Connecticut, USA"
4e804fcfb40cc754,UFC Fight Night 2,2005-10-03,"Las Vegas, Nevada, USA"
20131cf43aed8643,UFC 54: Boiling Point,2005-08-20,"Las Vegas, Nevada, USA"
9da61f103d420ecc,UFC Fight Night 1,2005-08-06,"Las Vegas, Nevada, USA"
286c6328475195b8,UFC 53: Heavy Hitters,2005-06-04,"Atlantic City, New Jersey, USA"
926ae9ef9c447fc7,UFC 52: Couture vs Liddell 2,2005-04-16,"Las Vegas, Nevada, USA"
a060050220b7d7dc,The Ultimate Fighter: Team Couture vs. Team Liddell Finale,2005-04-09,"Las Vegas, Nevada, USA"
ad2c1da5a8465973,UFC 51: Super Saturday,2005-02-05,"Las Vegas, Nevada, USA"
8316c1cf1dfd097b,UFC 50: The War Of '04,2004-10-22,"Atlantic City, New Jersey, USA"
f398ef4f3261c2f8,UFC 49: Unfinished Business,2004-08-21,"Las Vegas, Nevada, USA"
4405249dcee3d0db,UFC 48: Payback,2004-06-19,"Las Vegas, Nevada, USA"
6827b7a63303f661,UFC 47: It's On!,2004-04-02,"Las Vegas, Nevada, USA"
71cd21fabd08580e,UFC 46: Supernatural,2004-01-31,"Las Vegas, Nevada, USA"
03b88100f900fac6,UFC 45: Revolution,2003-11-21,"Uncasville, Connecticut, USA"
d44f4fed4c21f085,UFC 44: Undisputed,2003-09-26,"Las Vegas, Nevada, USA"
12b8b95b3b9b28c6,UFC 43: Meltdown,2003-06-06,"Las Vegas, Nevada, USA"
a5b4f35653a392f3,UFC 42: Sudden Impact,2003-04-25,"Miami, Florida, USA"
3f7f9105b7c36712,UFC 41: Onslaught,2003-02-28,"Atlantic City, New Jersey, USA"
853a12f7906d1a3f,UFC 40: Vendetta,2002-11-22,"Las Vegas, Nevada, USA"
44286a7f2bffc82f,UFC 39: The Warriors Return,2002-09-27,"Uncasville, Connecticut, USA"
6d578e6d3a2d06e2,UFC 38: Brawl at the Hall,2002-07-13,"London, England, United Kingdom"
fd1a3fefb0db7dae,UFC 37.5: As Real As It Gets,2002-06-22,"Las Vegas, Nevada, USA"
b47b01e1b0e15afa,UFC 37: High Impact,2002-05-10,"Bossier City, Louisiana, USA"
efe63caefc159ee3,UFC 36: Worlds Collide,2002-03-22,"Las Vegas, Nevada, USA"
863f391e07b87afb,UFC 35: Throwdown,2002-01-11,"Uncasville, Connecticut, USA"
40fb592705a35b3e,UFC 34: High Voltage,2001-11-02,"Las Vegas, Nevada, USA"
0ef919f2c78233bc,UFC 33: Victory in Vegas,2001-09-28,"Las Vegas, Nevada, USA"
ebce6cb3e1bf7402,UFC 32: Showdown in the Meadowlands,2001-06-29,"East Rutherford, New Jersey, USA"
4c795e5f3fca3935,UFC 31: Locked and Loaded,2001-05-04,"Atlantic City, New Jersey, USA"
221f1ff29c14852c,UFC 30: Battle on the Boardwalk,2001-02-23,"Atlantic City, New Jersey, USA"
d40627bf11a19e2c,UFC 29: Defense of the Belts,2000-12-16,"Tokyo, Japan"
3745f42216216de6,UFC 28: High Stakes,2000-11-17,"Atlantic City, New Jersey, USA"
19fb22fd8ce95d59,UFC 27: Ultimate Bad Boyz,2000-09-22,"New Orleans, Louisiana, USA"
db9046cc8ced44e7,UFC 26: Ultimate Field Of Dreams,2000-06-09,"Cedar Rapids, Iowa, USA"
e95edc1822c0867e,UFC 25: Ultimate Japan 3,2000-04-14,"Tokyo, Japan"
b9f83ca3f420db8d,UFC 24: First Defense,2000-03-10,"Lake Charles, Louisiana, USA"
f366a36f02f7f431,UFC 23: Ultimate Japan 2,1999-11-19,"Chiba, Japan"
99a7eda475b0cf41,UFC 22: Only One Can be Champion,1999-09-24,"Lake Charles, Louisiana, USA"
b620feb817fee233,UFC 21: Return of the Champions,1999-07-16,"Cedar Rapids, Iowa, USA"
f1be71f0554a894c,UFC 20: Battle for the Gold,1999-05-07,"Birmingham, Alabama, USA"
fcaa714ebb29be97,UFC 19: Ultimate Young Guns,1999-03-05,"Bay St. Louis, Mississippi, USA"
0b64cd3d9515a2d3,UFC 18: The Road to the Heavyweight Title,1999-01-08,"New Orleans, Louisiana, USA"
392310d65dfae0c9,UFC - Ultimate Brazil,1998-10-16,"Sao Paulo, Brazil"
894d42aa7f1253d2,UFC 17: Redemption,1998-05-15,"Mobile, Alabama, USA"
552c30f36e1b94fc,UFC 16: Battle in the Bayou,1998-03-13,"New Orleans, Louisiana, USA"
b6ebf207c0333a13,UFC - Ultimate Japan,1997-12-21,"Yokohama, Kanagawa, Japan"
f6b85002d70862f3,UFC 15: Collision Course,1997-10-17,"Bay St. Louis, Mississippi, USA"
74beeb392b9a3b66,UFC 14: Showdown,1997-07-27,"Birmingham, Alabama, USA"
d32ecd161f8da596,UFC 13: The Ultimate Force,1997-05-30,"Augusta, Georgia, USA"
486f056c40930a06,UFC 12: Judgement Day,1997-02-07,"Dothan, Alabama, USA"
faa5b28977f12270,UFC - Ultimate Ultimate '96,1996-12-07,"Birmingham, Alabama, USA"
6ca5264ee9aa1b7d,UFC 11: The Proving Ground,1996-09-20,"Augusta, Georgia, USA"
10e482bd79903d57,UFC 10: The Tournament,1996-07-12,"Birmingham, Alabama, USA"
59f5523fc8f622d3,UFC 9: Motor City Madness,1996-05-17,"Detroit, Michigan, USA"
6c64720864f5d306,UFC 8: David vs Goliath,1996-02-16,"San Juan, Puerto Rico"
32aa93549c6df108,UFC - Ultimate Ultimate '95,1995-12-16,"Denver, Colorado, USA"
bb016e8527eed0c5,UFC 7: The Brawl in Buffalo,1995-09-08,"Buffalo, New York, USA"
b2695c746639c160,UFC 6: Clash of the Titans,1995-07-14,"Casper, Wyoming, USA"
1dc05d2849cad591,UFC 5: The Return of the Beast,1995-04-07,"Charlotte, North Carolina, USA"
220f1289260101f0,UFC 4: Revenge of the Warriors,1994-12-16,"Tulsa, Oklahoma, USA"
3bf0616b20cbffaa,UFC 3: The American Dream,1994-09-09,"Charlotte, North Carolina, USA"
e1f811f83c658a2b,UFC 2: No Way Out,1994-03-11,"Denver, Colorado, USA"